"";"ATTCCAGCTCCAATAGCGTATATTAAAGTTGTTGCAGTTAGAACGCTCGTAGTCGGATTTCGGGGCGGGCCGACCGGTCTGCCGATGGGTACGCACTGGTCGGCGCGTCCTTCCTTCCGGAGACCGTGCCTACTCTTAACTGAGCGGGGGCGGGAGACGGATCGTTTACTTTGAAAAAATCAGAGTGTTTCAAGCAGGCAGCTCGCTCTTGCATGGATTAGCATGGGATAATGAAATAGGACTTTGGTGCTATTTTGTTGGTTTCGAACACCGAAGTAATGATTAAAAGGGACAGTCAGGGGCACTCGTATTCCGCCGAGAGAGGTGAAATTCTCAGACCAGCGGAAGACGAACTACTGCGAAAGCATTTGCCAGGGATGTTTTCATCA";"ATTCCAGCTCCAATAGCGTATACTAAAGTTGTTGCAGTTAAAAAGCTCGTAGTTGGATTTCTGGTCGAGGCAGCCGGTCGGCATCAAGTATGTTTGTACATGGCGCTTCGTCCATTTTTGTAGAAGCTGCGTCTGTCATTCACTTGTCGGGCGTAGGGTCTGCATCATTTACTGTGAGCAAAATAGAGTGTTCAAAGCAGGCTTAGGCCATGAATACATTAGCATGGAATAATAAGATAAGACCTTGGTCTATTTTGTTGGTTAGCATTCCGGGGTAATGATTAATAGGGATAGTTGGGGGTATTCGTATTCAAATGTCAGAGGTGAAATTCTTGGATTTTTTGAAGACGAACTACTGCGAAAGCATTTACCAAGGATGTTTTCATCG";"ATTCCAGCTCCAATAGCGTATACTAAAGTTGTTGCAGTTAAAAAGCTCGTAGTTGTATTTCTGGTCGCGGATGCCGGTCCGCCTCTAACGAGGTGCGTACCTGGCGTCTGTGTCCATCCTCGGGGAGAGCATGTCTGGCATTCAGTTGTCGGGCTTGGGATCCTCGTCATTTACTGTGAGCAAAATAGAGTGTTCAAAGCAGGCTTAGGCCGTTGAATACATTAGCATGGAATAATAAGATAGGACCTCGGTCTATTTTGTTGGTTTACATTCCGAGGTAATGATTAATAGGGATAGTTGGGGGTATTCGTATTCAATTGTCAGAGGTGAAATTCTTGGATTTATGGAAGACGAACAACTGCGAAAGCATTTACCAAGGATGTTTTCATCA";"ATTCCAGCTCCAATAGCGTATACTAAAGTTGTTGCAGTTAAAAAGCTCGTAGTCGAATGATGATTCTTTTGTTGGCGCGGACGCTTAGGTGTAACTTAAGACTGTCTGTGCCCAAGAATCACCTTGGTGTGGTACGAATTTAGTAGAAATATTCTACTATTATTCGCCACACACATTACTGTGAACAAAATAGAGTGTTCATGGCAGGCCATTAAGGCTTGAATACCTCAGCATGGAATAATAGAATAGGACTTCCGGTTCTATTTTGTTGGTTTTTGGAGCCGAAGTAATGATTAATAGGGATAGTTGGGGGCACTCGTACTCCGTTGTCAGAGGTGAAATTCTAGGATTGACGGAAGACGAACAACTGCGAAAGCATCTGCCAAGGATGTTTTCATTA";"ATTCCAGCTCCAATAGCGTATATTTAAGTTGTTGCAGTTAAAAAGCTCGTAGTTGGATTTCGGGTGAATGCGACCGGTCCGTCGTTACGATGTGTACTGGTTGCGTCCATCTTGTTGTCGGGGACGCGCTCCTGGCCTTAACTGGCTGGGACGCGGAGTCGGCGAAGTTACTTTGAAAAAATTAGAGTGTTCAAAGCAGGCCTACGCTCTGAATACATTAGCATGGAATAACGCGATAGGACTCTGGTCTTATTGTGTTGGTCTTCGAGACCGGAGTAATGATTAAGAGGGACAGTTGGGGGCATTCGTATTTCATTGTCAGAGGTGAAATTCTTGGATTTATGAAAGACGAACTTCTGCGAAAGCATTTGCCAAGGATGTTTTCATTA";"ATTCCAGCTCCAATAGCGTATTCTAAAGTTGTTGCAGTTAAAAAGCTCGTAGTTGGATTTCTGTTTTGGAGAATGGGTCGTGCCTAAACAGGTTCTGTACTTTTTTCTCCGGAACATCCTCGGAGTGAGCGTGTCTGCAATTCATTTTGTGGGCTCGGGACCTTCGTCATTTACTGTGAGCAAAATAGAGTGTTCAAAGCAGGCTTACGCCTTGAATATACTAGCATGGAATAATAAGATAGGACTTTGGTCTATTTTGTTGGTTTACTTTCCAAAGTAATGATTAATAGGGATAGTTGGGGGTATTCGTATTCAATTGTCAGAGGTGAAATTCTTGGATTTATGGAAGACGAACTACTGCGAAAGCATTTACCAAGGATGTTTTCATTA";"ATTCCAGCTCCAATAGCGTATATTAAAGTTGTTGCAGTTAAAAAGCTCGTAGTTGGATTTCTGGTGGGCCCGACCGGTCCGCCCCGAGAGGGGTGAGCACTGGCGTCGTGGTCCGCCATCCTTGGGGAGAGCGCGCCTGGCATTCATTTGTCGGGTGTGGGATCCCCATCGTTTACTGTGAGAAAATTAGAGTGTTCAAAGCAGGCTTACGCCCTGAATACATTAGCATGGAATAATAGTCGAGGCTCTTGGTCTGACTTGTTGGTTTGCAGCCCGAGAGAATGATTCAATAGGGATAGTTGGGGGTATTCGTATTCAATTGTCAGAGGTGAAATTCTTGGATTTATGGAAGACGAACTACTGCGAAAGCATTTACCAAGGATGTTTTCATCG";"ATTCCAGCTCCAATAGCGTATATTAAAGTTGTTGCAGTTAAAAAGCTCGTAGTTGGATTTCTGGTGGGCGCGACCGGTCCGCCCCGAAAGGGGTGAGCACTGGCGTCGCCGTCCGCCATCCTTGGGGAGAGCGCGTCTGGCATTCAGTTGTCGGGCGTGGGATCCCCATCGTTTACTGTGAGAAAATCAGAGTGTTCAAAGCAGGCTTACGCCTTGAATACATTAGCATGGAATAATAGTCGAGGCTCTTGGTCTGACTTGTTGGTTTGCAGCCCGAGAGAATGATTCAATAGGGATAGTTGGGGGTATTCGTATTCAATTGTCAGAGGTGAAATTCTTGGATTTATGGAAGACGAACTACTGCGAAAGCATTTACCAAGGATGTTTTCATCA";"ATTCCAGCTCCAATAGCGTATATTAAAGTTGTTGCAGTTAGAACGCTCGTAGTCGGATTTCGGGGCGGGCCGACCGGTCTGCCGATGGGTACGCACTGGTCGGCGCGTCCTTCCTTCCGGAGACCGTGCCTACTCTTAACTGAGCGGGGGCGGGAGACGGATCGTTTACTTTGAAAAAATCAGAGTGTTTCAAGCAGGCAGCTCGCTCTTGCATGGATTAGCATGGGATAATGAAATAGGACTTTGGTGCTATTTTGTTGGTTTCGAACACCGAAGTAATGATTAAAAGGGACAGTCAGGGGCACTCGTATTCCGCCGAGAGAGGTGAAATTCTCAGACCAGCGGAAGACGAACTACTGCGAAAGCATTTGCCAGGGATGTTTTCATCG";"ATTCCAGCTCCAATAGCGTATACTAAAGTTGTTGCAGTTAAAAAGCTCGTAGTTGAATTTCTGGATGTGAAAGGTGGTCGGCACCTCACGGTGTCTGTACTTATCATTCGCGTCCATCCTCGGGAGGAACATGTGGACACTTAAGTGGGTCTGCTTGGGAATCTCGTCATTTACTGTGAGCAAAATAGAGTGTTCAAAGCAGGCTTATGCCGTTGAATATATTAGCATGGAATAATAAGATATGACTTTGGTCTATTTTGTTGGTTTACATTCCAAAGTAATGATTAATAGGGATAGTTGGGGGTATTCGTATTCAATTGTCAGAGGTGAAATTCTTGGATTTATGGAAGACGAACTACTGCGAAAGCATTTACCAAGGATGTTTTCATCA";"ATTCCAGCTCCAATAGCGTATATTAAAGTTGTTGCAGTTAAAAAGCTCGTAGTTGGATTTCTGGTGTGAGCGTCTTGCCGGCCCAAACGGGTCTGTGCAGGCACGCCTCTCGCCATCCTTGCGTCTAACTTGTCTGGCATTAAGTTGTCGGGCTTGGGAAGCGCATCGTTTACTGTGAAAAAATTAGAGTGTTCAAAGCAGGCTTACGCCGTTGAATACATTAGCATGGAATAATAAGATAGGACCTTGGTGCTATTTTGTTGGTTTGCGTACCGAGGTAATGATTAATAGGGACAGTTGGGGGTATTTGTATTCCATTGTCAGAGGTGAAATTCTTGGATTTATGGAAGACAAACTACTGCGAAAGCATTTACCAAGGATGTTTTCATTA";"ATTCCAGCTCCAATAGCGTATATTAAAGTTGTTGCAGTTAAAACGCTCGTAGTCGGATTTCGGGGCGTGGTCGCCGGTCTGCCGATGGGTATGCACTGGTGCTCGCGTCCTTCCTTCCGGAGACCGTGCCTACTCTTAACTGAGCGGGTGCGGGAGACGGATTGTTTACTTTGAAAAAATCAGAGTGTTTCAAGCAGGCAGCTCGCTCTTGCATGGATTAGCATGGGATAATGAAATAGGACTTTGGTGCTATTTTGTTGGTTTCGAACACCGAAGTAATGATTAACAGGGACAGTCAGGGGCACTCGTATTCCGCCGAGAGAGGTGAAATTCTCAGACCAGCGGAAGACGAACCACTGCGAAAGCATTTGCCAGGGATGTTTTCATCA";"ATTCCAGCTCCAATAGCGTATATTAAAGTTGTTGCAGTTAAAAAGCTCGTAGTTGGATTTCTGGTGGGAGCGTTGGGCCGGCCCTAAGGGTCTGTGCTCAAATGTTTTCCGCCATCCTTGAGTGGAACTTTTCTGGCATTCAGTTGTCGGGATTGCTAAACTCATCATTTACTGTGAAAAAATTAGAGTGTTCAAAGCAGGCTTATGCCGTTGAATACATTAGCATGGAATAATAAGATAGGACCCTGGTACTATTTTGTTGGTTTGCGTACCTAGGTAATGATTAATAGGGACAGTTGGGGGTATTTATATTCCGTTGTCAGAGGTGAAATTCTTGGATTTACGGAAGATAAACTACTGCGAAAGCATTTACCAAGGATGTTTTCATTG";"ATTCCAGCTCCAATAGCGTATATTAAAGTTGTTGCAGTTAAAAAGCTCGTAGTTGGATTTCTGGTGGGCGCGACCGGTCCGCCCCGCGAGGGGTGAGCACTGGCGTCGCCGTCCGCCATCCTTGGGGAGAGCGCGCCTGGCATTCATTTGTCGGGCGTGGGATCCCCATCGTTTACTGTGAGAAAATTAGAGTGTTCAAAGCAGGCTTACGCCTTGAATACATTAGCATGGAATAATAGTCGAGGCTCTTGGTCTGACTTGTTGGTTTGCAGCCCGAGAGAATGATTCAATAGGGATAGTTGGGGGTATTCGTATTCAATTGTCAGAGGTGAAATTCTTGGATTTATGGAAGACGAACTACTGCGAAAGCATTTACCAAGGATGTTTTCATCA";"ATTCCAGCTCCAATAGCGTATACTAAAGTTGTTGCAGTTAAAAAGCTCGTAGTCGAATGTAGGTTTAGTTATTATGCGGTCTCTCAGGTGTTACTTGAGTGGATTGCGTATAACGACCTTCCTTGATATAATAACAGTTATGTTTGAAATTCAAATGTAATGGTTATTATATCCATTACTGTGAACAAAATAGAGTGTTCATGGCAGGCCAATTTAGGCTTGGATACCTCAGCATGGAATAATAGAATAGGACTTCTGGTTCTATTTTGTTGGTTTTTGGAGCCGAAGTAATGATTAATAGGGATAGTTGGGGGCACTCGTACTCCGTTGTCAGAGGTGAAATTCTTGGATTGACGGAAGACGAACAACTGCGAAAGCATCTGCCAAGGATGTTTTCATTG";"ATTCCAGCTCTAATAGCGTATATTAATGTTGTTGCAGTTAAAAAGCTCGTAGTTGGATTTTGGTGTTCGACAAATGGTCTGCTTCGGTTTGTACTGTTTGTTGGCGCTTCTTTTCTGGGGAACTCACTGCTCTTAACTGAGGGGTGTTGTAACGCAGATCGTTTACTTTGAAAAAATTAGAGTGTTCAAAGCAGGCCAACGCATTTTGAATACATTAGCATGGAATAATGGAATAGGACTTTGGTCTTATTTTGTTGGTTTCTAAGGCCGAGGTAATGATTAATAGGGATAGTTGGGGGCGTTTATATTCCGTTGTCAGAGGTGAAATTCTTGGATTTACGGAAGATAAACTACTGCGAAAGCATTCGCCAAGGATGTTTTCATTA";"ATTCCAGCTCCAATAGCGTATATTAAAGTTGTTGCAGTTAAAAAGCTCGTAGTTGGATTTCTGGTGGGGCTGTCGGCCTGGCTCCGAAAGGGGTCGTGGTTAGCACACGCCTGGCCATCCTCGGGGGAAGCTTTGCTGGCATTAAGTTGTCGGCGGAGTGACGCTCGTCGTTTACTGTGAACAAATTAGAGTGTTCAAAGCAGGCTTAGGCCGTTGAATACATTAGCATGGAATAATGAGATAGGACTTTGGTGGTCTATTTTGTTGGTTTGCACGCCGAAGTAATGATTAATAGGGGCGGTTGGGGGTATTCGTATTCAATTGTCAGAGGTGAAATTCTTGGATTTATGGAAGACGAACTACTGCGAAAGCATTTACCAAGGATGTTTTCATCA";"ATTCCAGCTCCAATAGCGTATACTAAAGTTGTTGCAGTTAAAAAGCTCGTAGTTGAATTTCTAGGTGTGAAAGGCGGTCCTGCCTTCAGGGTTGTGTACCTCCCTTTCACGCCTATCCTCGTAGTGAACATGTATTCTTTTAATTAAGCGTATATGGGACCTGCGTCATTTACTGTGAGCAAAATAGAGTGTTCAAAGCAGGCTTATGCCGTTGAATATATTAGCATGGAATAATAAGATATGACTTCTGTCTTTCTTGTTGGTTTGTATTCGGAAGTAATGATTAATAGGGATAGTTGGGGGTATTCGTATTCAATTGTCAGAGGTGAAATTCTTAGATTTATGGAAGACGAACTACTGCGAAAGCATTTACCAAGGATGTTTTCATCA";"ATTCCAGCTCCAATAGCGTATATTAAAGTTGTTGCAGTTAAAAAGCTCGTAGTTGGATTTCTGGTGAGATATCTTTAGCCTGACCGAGAGGTCTTGTTTGATGATTATTTCGCCCTTCTTGTCAAGAACCTTTTGATCTTCATTGGTCGAAAGTGGACTGGCATCTTTTACTGTGAAAAAATTAGAGTGTTCAAAGCAGGCATCGCCGTTGAATACATTAGCATGGAATAATAAGATAGGACTTTGGTGGTCTATTTTGTTGGTTTGCACGCCAAAGTAATGATTAATAGGGATAGTTGGGGGTATTCGTATTCTATTGCTAGAGGTGAAATTCTTAAATTTATGGAAGACGAACTACTGCGAAAGCATTTACCAAGGATGTTTTCATTG";"ATTCCAGCTCCAATAGCGTATATTAAAGTTGTTGCAGTTAAAAAGCTCGTAGTCGGATTTCAGGGCGGGGCGACCGGTCTGCCGATGGGTATGCACTGGTCGGCGCGTCCTTGCTTCTGGAGACCGTGCCTACTCTTAACTGAGCGGGGACGGGAAACAGATCGTTTACTTTGAAAAAATCAGAGTGTTTAAAGCAGGCCAAGATTGCTCTTGCATGGATTAGCATGGGATAATGAAATAGGACTTTGGTGCTATTTTGTTGGTTTCGAACACCGAAGTAATGATTAATAGGGATAGTCAGGGGCACTCGTATTCCGTCGAGAGAGGTGAAATTCTCAGACCAATGGAAGACGAACTACTGCGAAAGCATTTGCCAGGGATGTTTTCATTA";"ATTCCAGCTCCAATAGCATATGTTAATGTTGCTGCAGTTAAAAAGCTCGTAGTTGGATTTCTGTTTTGAAGAATGGGTCGTGCCTAAACAGGTTCTGTACTTTTTTCTTCGGAACATCCTCGAAGTGAGCGTGTCTGGCATTTAGTTGTTGGGCTCGGGACCTTCGTCATTTACTGTGAGCAAAATAGAGTGTTCAAAGCAGGCTTAGGCCATGAATATATTAGCATGGAATAATAAGATAGGACCTTGGTCTATTTTGTTGGTTTACATTCCAGGGTAATGATTAATAGGGATAGTTGGGGCTCCTCGTATTCAATTGTCAGAGGTGAAATTCTTGGATTTATTGAGGACGAACTACTGCGAAAGCATCGAGCAAGGATGTTTTCATTA";"ATTCCAGCTCCAATAGCGTATATTAAAGTTGTTGCAGTTAGAACGCTCGTAGTCGGATTTCGGGGCGGGCCGACCGGTCTGCCGATGGGTACGCACTGGTCGGCGCGTCCTTCCTTCCGGAGACTGTGCCTACTCTTAACTGAGCGGGGGCAGGAGACGGATCGTTTACTTTGAAAAAATCAGAGTGTTTCAAGCAGGCAGCTCGCTCTTGCATGGATTAGCATGGGATAATGAAATAGGACTTTGGTGCTATTTTGTTGGTTTCGAACACCGAAGTAATGATTAAAAGGGACAGTCAGGGGCACTCGTATTCCGCCGAGAGAGGTGAAATTCTCAGACCAGCGGAAGACGAACTACTGCGAAAGCATTTGCCAGGGATGTTTTCATCA";"ATTCCAGCTCCAATAGCGTATATTAAAGTTGTTGCAGTTAAAAAGCTCGTAGTTGGATTTCTGGTGGGCGCGACCGGTCCGCCCCGAAAGGGGTGAGCACTGGCGTCGCCGTCCGCCATCCTTGGGGAGAGCGCGTCTGGCATTCAGTTGTCGGGCGTGGGATCCCCATCGTTTACTGTGAGAAAATCAGAGTGTTCAAAGCAGGCTTACGCCTTGAATACATTAGCATGGAATAATAGTCGAGGCTCTTGGTCTGACTTGTTGGTTTGCAGCCCGAGAGAATGATTCAATAGGGATAGTTGGGGGTATTCGTATTCAATTGTCAGAGGTGAAATTCTTGGATTTATGGAAGACGAACTACTGCGAAAGCATTTACCAAGGATGTTTTCATCG";"ATTCCAGCTCCAATAGCGTATATTAAAGTTGTTGCAGTTAAAAAGCTCGTAGTTGGATTTGTGGCGTCCCTTGAGGTCCAATTTTGGTACTATTGAGGGATGCCATCCTTGGGTGGAACCTGTGTGGCATTAGGTTGTCGTGCAGGGGATGCCCATCTTTTACTGTGAAAAAATTAGAGTGTTCAAAGCAGGCTTATGCCGTTGAATATATTAGCATGGAATAATGAGATAGGACCTTGGTCTATTTTGTTGGTTAGTTTACCGAGGTAATGATTAATAGGGACAGTTGGGGGTATTCGTATTCCATTGTCAGAGGTGAAATTCTTGGATTTCTGGAAGACGAACTACTGCGAAAGCATTTACCAAGGATGTTTTCATTG";"ATTCCAGCTCCAATAGCGTATATTAATGTTGTTGCAGTTAAAAAGCTCGTAGTTGGATTTCTGGTCGGGACGTCTGGCCGACTCCGCAAGGGGTCGTTGCATTGACTGTACTCGTCCATCCTCAGGTTGACTAGCTCTGGTATTCATTTATCGGTGTTAGAACGCCTGTCGTTTACTGTGAACAAATTAGAGTGTTCAAAGCAAGGTGTACTTGAATACATTAGCATGGAATAATAAGATAGGACTTTGGTGGTTCTTTTTGATATTTTGTTGGTTTGCACGCCAAAGTAATGATTAATAGGAGCAGTTGGGGGTATTCGTATTCAATTGTCAGAGGTGAAATTCTTGGATTTATAGAAGACGAACTACTGCGAAAGCATTTACCAAGGATGTTTTCATCG";"ATTCCAGCTCCAATAGCGTATACTAAAGTTGTTGCAGTTAAAAAGCTCGTAGTTGAATTTCTGGTCTTGGACGGCGGTCTACCACAATTGTGGTACGTACCAACTGTCCGAGTCCATCCTCGGGGAAAACATGCCTGTGATTCAGTTCATGGGTATGGGATCCTCGTCATTTACTGTGAGCAAAATAGAGTGTTCAAAGCAGGCTTATGCCGTTGAATACATTAGCATGGAATAATAAGATAAGACCTTGGTCTATTTTGTTGGTTTGTACTCCAAGGTAATGATTAATAGGGATAGTTGGGGGTATTCGTATTCAATTGTCAGAGGTGAAATTCTTGGATTTATGGAAGACGAACTACTGCGAAAGCATTTACCAAGGATGTTTTCATCA";"ATTCCAGCTCCAATAGCGTATATTAAAGTTGTTGCAGTTAAAAAGCTCGTAGTTGGATTTCTGGCAGGAGTGACCGGTCACGCACTCTGTGCGTGAACTTGTGTTGTCTCTGGCCATCCTTGGGGAGATCCTGTTTGGCATTAAGTTGTCGGGCAGGGGATACCCATCGTTTACTGTGAAAAAATTAGAGTGTTTAAAGCAGGCTTATGCCGTTGAATATATTAGCATGGAATAATAAGATAGGACTTCGGAACTATTTTGTTGGTTTGCGTTACGAAGTAATGATTAAAAGGGATAGTTGGGGGTATTCGTATTCAGCTGTCAGAGGTGAAATTCTTGGATTTTCTGAAGACGAACTACTGCGAAAGCATTTACCAAGGATGTTTTCATTG";"ATTCCAGCTCCAATAGCATATGTTAATGTTGCTGCAGTTAAAAAGCTCGTAGTTGGATTTCTGTTTTGAAGAATGGGTCGTGCCTAAACAGGTTCTGTACTTTTTTCTTCGGAACATCCTCGAAGTGAGCGTGTCTGGCATTTAGTTGTTGGGCTCGGGACCTTCGTCATTTACTGTGAGCAAAATAGAGTGTTCAAAGCAGGCTTAGGCCATGAATATATTAGCATGGAATAATAAGATAGGACCTTGGTCTATTTTGTTGGTTTACATTCCAGGGTAATGATTAATAGGGATAGTTGGGGCTCCTCGTATTCAATTGTCAGAGGTGAAATTCTTGGATTTATTGAGGACGAACTACTGCGAAAGCATCGAGCAAGGATGTTTTCATCG";"ATTCCAGCTCCAACAGCGTATATTAAAGTTGTTGCAGTTAAAACGCTCGTAGTCGGATTTCGGGGCGGGCGGGCCGGTCTGCCGATGGGTATGCACTGGTCTGGCCGTCCTTCCTTCCGGAGACCGTGCGTGCTCTTAACTGAGTGCGCTCGGGAGACGGATCGTTTACTTTGAAAAAATCAGAGTGTTTCAAGCAGGCAGCTCGCTCTTGCATGGATTAGCATGGGATAATGAAATAGGACTTTGGTGCTATTTTGTTGGTTTCGAACACCGAAGTAATGATTAACAGGGACAGTCAGGGGCACTCGTATTCCGCCGAGAGAGGTGAAATTCTCAGACCAGCGGAAGACGAACCACTGCGAAAGCATTTGCCAGGGATGTTTTCATCA";"ATTCCAGCTCCAATAGCGTATATTAAAGTTGTTGCAGTTAAAAAGCTCGTAGTTGGATTTCTGGTGGGAGCGTTGGGCCGGCCCTAAGGGTCTGAGCTCAAATGTTTTCCGCCATCCTTGGAGGGATGTTGTCTGGCATTAAGTTGTCGGGCTTCCGATCTCCATCGTTTACTGTGAAAAAATTAGAGTGTTCAAAGCAGGCTTATGCCGTTGAATACATTAGCATGGAATAATAAGATAGGACCCTGGTACTATTTTGTTGGTTTGCGTACCTAGGTAATGATTAATAGGGACAGTTGGGGATATTACTATTTCGTTGTCAGAGGTGAAATTCTTGGATTTACGAAAGAGTAACTACTGCGAAAGCATTTATCAAGGATGTTTTCATTA";"ATTCCAGCTCCAATAGCGTATACTAAAGTTGTTGCAGTTAAAAAGCTCGTAGTTGTATTTCTGGTCGCGGATGCCGGTCCGCCTCTAACGAGGTGCGTACCTGGCGTCTGTGTCCATCCTCGGGGAGAGCATGTCTGGCATTTGGTTGTCGGGCTTGGGATCCTCGTCATTTACTGTGAGCAAAATAGAGTGTTCAAAGCAGGCTTAGGCCGTTGAATACATTAGCATGGAATAATAAGATAGGACCTCGGTCTATTTTGTTGGTTTACATTCCGAGGTAATGATTAATAGGGATAGTTGGGGGTATTCGTATTCAATTGTCAGAGGTGAAATTCTTGGATTTATGGAAGACGAACAACTGCGAAAGCATTTACCAAGGATGTTTTCATCA";"ATTCCAGCTCCAATAGCGTATATTTAAGTTGTTGCAGTTAAAAAGCTCGTAGTTGGATTTCGGGCACGGACGACCGGTCCGCCGTTTCGGTGTGCACTGGTCGGCTTTGTCTTTCTGCCGGGGACGCGCTCTGGACTTAATTGGCTGGACGCGGAGTCGGCAACGTTACTTTGAAAAAATTAGAGTGTTCAAGGCAGGCTTACGCTCTGAATACTATAGCATGGAATAACACGATAGGACTCCGAGCCTATTTTGTTGGTCTTCGGGACCGGAGTAATGATTAAGAGGGACAGTTGGGGGCATTCGTATTACGTTGTCAGAGGTGAAATTCTTGGATTTACGTAAGACGAACTTCTGCGAAAGCATTTGCCAAGGATGTTTTCATCG";"ATTCCAGCTCCAATAGCGTATACTAAAGTTGTTGCAGTTAAAAAGCTCGTAGTTGGATTTCTGGTCGAGGCAGCCGGTCGGCACCAAGTGTGTTTGTACCAGGCGCCTCGTCCATTTTTGTAGAAGCTGTGTCTGTCATTCAGTTGTCGGGCATAGGGTCTGCATCATTTACTGTGAGCAAAATAGAGTGTTCAAAGCAGGCTTAGGCCATGAATACATTAGCATGGAATAATAAGATAAGACCTTGGTCTATTTTGTTGGTTAGCATTCCGAGGTAATGATTAATAGGGATAGTTGGGGGTATTCGTATTCAATTGTCAGAGGTGAAATTCTTGGATTTATTGAAGACGAACTACTGCGAAAGCATTTACCAAGGATGTTTTCATCA";"ATTCCAGCTCCAATAGCGTATATTAAAGTTGTTGCAGTTAAAAAGCTCGTAGTTGGATTTCTGGTGTGAGCGTCTTGCCGGCCCAAACGGGTCTGTGCAGGCACGCCTCTCGCCATCCTTGCGTCTAACTTGTCTGGCATTAAGTTGTCGGGCTTGGGAAGCGCATCGTTTACTGTGAAAAAATTAGAGTGTTCAAAGCAGGCTTACGCCGTTGAATACATTAGCATGGAATAATAAGATAGGACCTTGGTGCTATTTTGTTGGTTTGCGTACCGAGGTAATGATTAATAGGGACAGTTGGGGGTATTTGTATTCCATTGTCAGAGGTGAAATTCTTGGATTTATGGAAGACAAACTACTGCGAAAGCATTTACCAAGGATGTTTTCATCA";"ATTCCAGCTCCAATAGCGTATACTAAAGTTGTTGCAGTTAAAAAGCTCGTAGTTGAATTTCTGGTCGTGGCGACCGGTCCGCCCCTCACGGGGTGTGCACCTGGTCTCTGCGTCCATCCTCGGGGAGAGCGCGTCTGGCATTCAGTTGTCGGGCGCGGGATCCTCGTCATTTACTGTGAGCAAAATAGAGTGTTCAAAGCAGGCTTAGGCCGTTGAATACATTAGCATGGAATAATAAGATAGGACCTTGGTCTATTTTGTTGGTTTGCGTTCCAAGGTAATGATTAATAGGGATAGTTGGGGGTATTCGTATTCAATTGTCAGAGGTGAAATTCTTGGATTTATGGAAGACGAACTACTGCGAAAGCATTTACCAAGGATGTTTTCATCG";"ATTCCAGCTCCAATAGCGTATATTTAAGTTGTTGCAGTTAAAAAGCTCGTAGTTGGATTTCGGGTGCGGCAGGCCGGTCCGCCGTTTCGGTGTGCACTGGCAGGCGGCATCTTTCTGTCGAGGACGCGCGCCTGGCCTTCACTGGTCGGGCCGCGGAGTCGGCGCGGTTACTTTGAAAAAATTAGAGTGTTCAAAGCGGGCCTACGCTTGAATATATTAGCATGGAATAACACCATAGGACTCCTGTCCTATTCTGTTGGTCTTCGGGATGGGAGTAATGATTAAGAGGAACAGTTGGGGGCATTCGTATTTCATTGTCAGAGGTGAAATTCTTGGATTTATGAAAGACGAACTTCTGCGAAAGCATTTGCCAAGGATGTTTTCATTA";"ATTCCAGCTCCAATAGCGTATATTAAAGTTGTTGCAGTTAAAAAGCTCGTAGTTGGATTTCTGGTGAGATATCTTTAGCCTGACCGAGAGGTCTTGTTTGATGATTATTTCGCCCTTCTTGTCAAGAACCTTTTGATCTTCATTGGTCGAAAGTGGACTGGCATCTTTTACTGTGAAAAAATTAGAGTGTTCAAAGCAGGCATCGCCGTTGAATACATTAGCATGGAATAATAAGATAGGACTTTGGTGGTCTATTTTGTTGGTTTGCACGCCAAAGTAATGATTAATAGGGATAGTTGGGGGTATTCGTATTCTATTGCTAGAGGTGAAATTCTTAAATTTATGGAAGACGAACTACTGCGAAAGCATTTACCAAGGATGTTTTCATCA";"ATTCCAGCTCTGTAAGCGTATACCAAAGTTGTTGCAGTTAAAACGCTCGTAGTCGGACTTTGGCGGTTTCGGGAGTGTTACGCGTCGTGCGTGCGCTTCGCAGGAACTGCTTTTGTGGGTTTCGCGTCGGATGAGGGCTGTTTATTCGGTAACGTCCGCACGCAACCACTGTTTACTGTGAGAAAATCAGAGTGCTCAAAGCAGGCATTTGCCGTGAATGTATTAGCATGGAATAATAGAATAGGACTTGGTCTTATTTTGTTGGTTTGTTAAGGCTGAGTAATGATTAAGAGGGACAGTTGGGGGTATTTGTATTTCGGCGCTAGAGGTGAAATTCTTAGATTGCCGAAAGACAAACTGCTGCGAAAGCGTCTACCAAGGATGTTTTCATCA";"ATTCCAGCTCCAATAGCGTATATTAAAGTTGTTGCAGTTAAAAAGCTCGTAGTTGGATTTCTGGCAGGAGTGACCGGTCACGCACTCTGTGCGTGAACTTGTGTTGTCTCTGGCCATCCTTGGGGAGATCCTGTTTGGCATTAAGTTGTCGGGCAGGGGATACCCATCGTTTACTGTGAAAAAATTAGAGTGTTTAAAGCAGGCTTATGCCGTTGAATATATTAGCATGGAATAATAAGATAGGACTTCGGAACTATTTTGTTGGTTTGCGTTACGAAGTAATGATTAAAAGGGATAGTTGGGGGTATTCGTATTCAGCTGTCAGAGGTGAAATTCTTGGATTTTCTGAAGACGAACTACTGCGAAAGCATTTACCAAGGATGTTTTCATTA";"ATTCCAGCTCCAATAGCGTATACTAAAGTTGTTGCAGTTAAAAAGCTCGTAGTTGAATTTCTGGTCTTGGACGGCGGTCTACCACAATTGTGGTACGTACCAACTGTCCGAGTCCATCCTCGGGGAAAACATGCCTGTGATTCAGTTCATGGGTATGGGATCCTCGTCATTTACTGTGAGCAAAATAGAGTGTTCAAAGCAGGCTTATGCCGTTGAATACATTAGCATGGAATAATAAGATAAGACCTTGGTCTATTTTGTTGGTTTGTACTCCAAGGTAATGATTAATAGGGATAGTTGGGGGTATTCGTATTCAATTGTCAGAGGTGAAATTCTTGGATTTATGGAAGACGAACTACTGCGAAAGCATTTACCAAGGATGTTTTCATCG";"ATTCCAGCTCCAATAGCGTATACTAAAGTTGTTGCAGTTAAAAAGCTCGTAGTTGAATTTCTAGGTGTAAAAGGCGGTCCTGCCTTCAGGGTTGTGTACCTCCCTTTTACGCCTATCCTCGTAGTGAACATGTATTCTTTTTATTAAGCGTATATGGGACCTGCGTCATTTACTGTGAGCAAAATAGAGTGTTCAAAGCAGGCTTTATGCCGTTGAATATATTAGCATGGAATAATAAGATATGACTTCTGTCTTTCTTGTTGGTTTGTATTCGGAAGTAATGATTAATAGGGATAGTTGGGGGTATTCGTATTCAATTGTCAGAGGTGAAATTCTTAGATTTATGGAAGACGAACTACTGCGAAAGCATTTACCAAGGATGTTTTCATTG";"ATTCCAGCTCCAATAGCGTATACTAAAGTTGTTGCAGTTAAAAAGCTCGTAGTTGGATTTCTGGTCGTGGAAATCGGTCCGCTCCTCACGGAGTGTGCACCAGATTTCTGCATCCATCTTCGGAGAAAACATATCTGGCATTAAGTTGTCGGGTGTGAGATCTTCGTCATTTACTGTGAGCAAAATAGAGTGTTCAAAGCAGGCTTAGGCCGTTGAATACATTAGCATGGAATAATAAGATAGGACCTTGGTCTATTTTGTTGGTTTGCATTCCAAGGTAATGATTAATAGGGATAGTTGGGGGTATTCGTATTCAATTGTCAGAGGTGAAATTCTTGGATTTATGGAAGACGAACTACTGCGAAAGCATTTACCAAGGATGTTTTCATCA";"ATTCCAGTTCCAATAGCGTATATTTAAGTTGTTGCAGTTAAAAAGCTCGTAGTCGGATTTGTGGTGTGTCCAGTCGGCCTTTGCTCTTTGAGTGACAGTGTTGTAACTGGTCTGCCATGTTTGGGTGGAATCTGTGTGGCATTAAGTTGTCGTGCAGGGGATGCCCATCGTTTACTGTGAAAAAATTAGAGTGTTCAAAGCAGGCTTATGCCTTGAATATATTAGCATGGAATAATAATATAGGACCTTGGTACTATTTTGTTGGTTTGCGCACTGAGGTAATGATTAAGAGGGACAGTTGGGGGTATTTGTATTCCATTGTCAGAGGTGAAATTCTTGGATTTTTGGAAGACAAACTACTGCGAAAGCATTTACCAAGGATGTTTTCATCA";"ATTCCAGCTCCAATAGCGTATATTAAAGTTGTTGTAGTTAAAAAGCTCGTAGTTTGATGTCTGGTGGGAGCAATCAGTATGGCACTTTGTGTCGTAGCTTGCATTGTCTCTGACCATCCTTGGAAAGAATCAGTCTGGCATTAGGTTGTCGGGCTGAAGATTTCCATCTTTTACTGTGAAAAAATTAGAGTGTTCAAAGCAGGCTTATGCCGTTGAATATATTAGCATGGAATAATGATATAGGACTTTGGTGCTATTTTGTTGGTTTACGTGCCATAGTAATGATTAATAGGGACAGTTGGGGGTATTTGTATTCCAATGTCAGAGGTGAAATTCTTGGATTTTTGGAAGACAAACTACTGCGAAAGCATTTACCAAGGATGTTTTCATTG";"ATTCCAGCTCCAATAGCGTATATTAAAGTTGTTGCAGTTAAAAAGCTCGTAGTTGGATTTGTGGCGTACGTTCGGCTCCCTTCGCCATTGTGTGTCGGTTTGCCTAGCGTTGCCATCCTTGGGTGGAATCTGTGTGGCATTAGGTTGTCGTGCAGGGGATACCCATCGTTTACTGTGAGAAAATTAGAGTGTTCAAAGCAGGCTTACGCCGTTGAATATATTAGCATGGAATAATAAGATAGGACCTTGGTACTATTTTGTTGGTTTGCGCACCGAGGTAATGATTAATAGGGATGGTTGGGGTTATTCGTATTTCATTGTCAGAGGTGAAATTCTTGGATTTTTGAAAGACGAACTACTGCGAAAGCATTTAACAAGGATGTTTTCATCG";"ATTCCAGCTCCAATAGCGTATATTAAAGTTGTTGCAGTTAGAACGCTCGTAGTCGGATTTCGGGGCGGGCCGACCGGTCTGCCGATGGGTACGCACTGGTCGGCGCGTCCTTCCTTCCGGAGACTGTGCCTACTCTTAACTGAGCGGGGGCAGGAGACGGATCGTTTACTTTGAAAAAATCAGAGTGTTTCAAGCAGGCAGCTCGCTCTTGCATGGATTAGCATGGGATAATGAAATAGGACTTTGGTGCTATTTTGTTGGTTTCGAACACCGAAGTAATGATTAAAAGGGACAGTCAGGGGCACTCGTATTCCGCCGAGAGAGGTGAAATTCTCAGACCAGCGGAAGACGAACTACTGCGAAAGCATTTGCCAGGGATGTTTTCATCG";"ATTCCAGCTCTGTAAGCGTATACCAAAGTTGTTGCAGTTAAAACGCTCGTAGTCGGACTTTGGCGGTTCCGGGAGTGCGCCGCGTCGTGCGGACACTTTGCAGGGACTGCTTTTGTGGGTTTAGCACAGGATGAGGGCTGTTTAATCGGTAACGTCTATGTGCAACCACTGTTTACTGTGAGAAAATCAAAGTGCTCAAAGCAGGCATTTGCCGTGAATGTATTAGCATGGAATAATAGAATAGGACTTGGTCTTATTTTGTTGGTTTGTTAAGGCTGAGTAATGATTAAGAGGGACAGTTGGGGGTATTTGTATTTCGGCGCTAGAGGTGAAATTCTTAGATTGCCGAAAGACAAACTGCTGCGAAAGCGTCTACCAAGGATGTTTTCATCG";"ATTCCAGCTCCAATAGCGTATACTAAAGTTGTTGCAGTTAAAAAGCTCGTAGTCGAATGATGATTCTTTTGTTGGCGCGGACGCTTAGGTGTAACTTAAGACTGTCTGTGCCCAAGAATCACCTTGGTGTGGTACGAATTTAGTAGAAATATTCTACTATTATTCGCCACACACATTACTGTGAACAAAATAGAGTGTTCATGGCAGGCCATTAAGGCTTGAATACCTCAGCATGGAATAATAGAATAGGACTTCCGGTTCTATTTTGTTGGTTTTTGGAGCCGAAGTAATGATTAATAGGGATAGTTGGGGGCACTCGTACTCCGTTGTCAGAGGTGAAATTCTAGGATTGACGGAAGACGAACAACTGCGAAAGCATCTGCCAAGGATGTTTTCATCA";"ATTCCAGCTCTGTAAGCGTATACCAAAGTTGTTGCAGTTAAAACGCTCGTAGTCGGACTTTGGCGGTTCCGGGAGTGCGCCGCGTCGTGCGGACACTTTGCAGGGACTGCTTTTGTGGGTTTAGCACAGGATGAGGGCTGTTTAATCGGTAACGTCTATGTGCAACCACTGTTTACTGTGAGAAAATCAAAGTGCTCAAAGCAGGCATTTGCCGTGAATGTATTAGCATGGAATAATAGAATAGGACTCTGTCTTATTTTGTTGGTTTGTTAAGGCTGAGTAATGATTAAGAGGGACAGTTGGGGGCATTTGTATTTCGGCGCTAGAGGTGAAATTCTTAGATTGCCGAAAGACAAACTGCTGCGAAAGCGTCTGCCAAGGATGTTTTCATTG";"ATTCCAGCTCCAATAGCGTATATTAAAGTTGTTGCAGTTAAAAAGCTCGTAGTTGGATTTCTAACGGATGCGACTGGTCTGCCCCGCGAGGGGTCTGCACTGAGTTCGTCGTCTGTTATCCTTGGAGAGAGCGGCTCTGGCATTCAGTTGTCGGGGTCGTGGTCTCCATCGTTTACTGTGAAAAAATTAGAGTGTTCAAAGCAAGCTTAGGCTCTGAATATATTAGCATGGAATAATAAGATAGGACCTTGGTGGTTTATTTTGTTGGTTTGCACGCCGAGGTAATGATTAATAGGGATAGTTGGGGGTATTCGTATTCAATTGTCAGAGGTGAAATTCTTGGATTTATGGAAGACGAACTACTGCGAAAGCATTTACCAAGGATGTTTTCATCG";"ATTCCAGCTCCAATAGCGTATACTAAAGTTGTTGCAGTTAAAAAGCTCGTAGTTGGATTTCTGGTTGCAGTCGTCGGTCGTTCCCAAACGGGTTCCGTACCTGATGTGCTGTGTCCATCCTCGGAGTTCTGCCGTCTGGCATTCAGTTGTTGGGCGGACGGTCTCCGTCATTTACTGTGAGCAAAATAGAGTGTTCAAAGCAGGCTTAGGCCATGAATACATTAGCATGGAATAATAAGATAGGACCTTGGTCTATTTTGTTGGTTTACATTCCAAGGTAATGATTAATAGGGATAGTTGGGGGTATTCGTATTCAATTGTCAGAGGTGAAATTCTTGGATTTATGGAAGACGAACTACTGCGAAAGCATTTACCAAGGATGTTTTCATCA";"ATTCCAGCTCTGTAAGCGTATACCCAAGTTGTTGCAGTTAAAACGCTCGTAGTCGGAAGTTGGCGGGCGAGCTGGGGCGTCTTCGCGGACGGACCTGGATCGGCCGCCTTTGTGGAGGGGGGCGCGGGGCCGCTTGAGTGCGGACTCGTTGTCGCTGCCACCGTTTACTGTGAAAAAATTAGAGTGTTCAAAGCGGGCGTTTGCCATGAATACCTTAGCATGGAATAATAGAATAGGACCTGTGTTCTGTTTTATTGGTTTGTGAGGACCGGGTAATGATTAAGAGGGACGGTTGGGGGCATTTGTATTCCGGCGTCAGAGGTGAAATTCTTGGATTGTCGGAAGACAAACGGCTGCGAAAGCGTCTGCCAAGGACGTTTTCATCG";"ATTCCAGCTCCAATAGCGTATATTAATGTTGTTGCAGTTAAAAAGCTCGTAGTTGGATTTCTGGTCGGGACGTCTGGCCGGCTCCGCAAGGGGTCGTTGCATTGACTGTACTCGTCCATCCTCAGGTTGACTAGCTCTGGTATTCATTTATCGGTGTTAGAACGCCTGTCGTTTACTGTGAACAAATTAGAGTGTTCAAAGCAAGGTGTACTTGAATACATTAGCATGGAATAATAAGATAGGACTTTGGTGGTTCTTTTTGATATTTTGTTGGTTTGCACGCCAAAGTAATGATTAATAGGAGCAGTTGGGGGTATTCGTATTCAATTGTCAGAGGTGAAATTCTTGGATTTATAGAAGACGAACTACTGCGAAAGCATTTACCAAGGATGTTTTCATCA";"ATTCCAGCTCCAATAGCGTATATTAAAGTTGTTGCAGTTAAAAAGCTCGTAGTTGGATTTGTGGCGTACGGTGAGTTCCGGGCACTTGTTGTCTGAGTAACCTGCTGTTGCCATCCTTGGGTGGAACCTGTGTGGCATTAGGTTGTCGTGCAGGGGATGCCCATCATTTACTGTGAAAAAATTAGAGTGTTCAAAGCAGGCTTATGCCGTTGAATATATTAGCATGGAATAATGAGATAGGACTTTTTTGCTATTTTGTTGGTTTGCGCAAAGAGGTAATGATTAATAGGGACAGTTGGGGGTATTCGTATTCCATTGTCAGAGGTGAAATTCTTGGATTTTTGGAAGACGAACTACTGCGAAAGCATTTACCAAGGATGTTTTCATCG";"ATTCCAGCTCCAATAGCGTATATTAAAGTTGTTGCAGTTAAAAAGCTCGTAGTTGGATTTCTGGTGGGAGCGTTGGGCCGGCCCTAAGGGTCTGTGCTCAAATGTTTTCCGCCATCCTTGAGTGGAACTTTTCTGGCATTCAGTTGTCGGGATTGCTAAACTCATCATTTACTGTGAAAAAATTAGAGTGTTCAAAGCAGGCTTATGCCGTTGAATACATTAGCATGGAATAATAAGATAGGACCCTGGTACTATTTTGTTGGTTTGCGTACCTAGGTAATGATTAATAGGGACAGTTGGGGGTATTTGTATTCCGTTGTCAGAGGTGAAATTCTTGGATTTACGGAAGACAAACTACTGCGAAAGCATTTACCAAGGATGTTTTCATTG";"ATTCCAGCTCCAACAGCGTATATTAAAGTTGTTGCAGTTAAAACGCTCGTAGTCGGATTTCGGGGCGGGCGGGCCGGTCTGCCGATGGGTATGCACTGGTCTGGCCGTCCTTCCTTCCGGAGACCGTGCGTGCTCTTAACTGAGTGCGCTCGGGAGACGGATCGTTTACTTTGAAAAAATCAGAGTGTTTCAAGCAGGCAGCTCGCTCTTGCATGGATTAGCATGGGATAATGAAATAGGACTTTGGTGCTATTTTGTTGGTTTCGAACACCGAAGTAATGATTAACAGGGACAGTCAGGGGCACTCGTATTCCGCCGAGAGAGGTGAAATTCTCAGACCAGCGGAAGACGAACCACTGCGAAAGCATTTGCCAGGGATGTTTTCATCG";"ATTCCAGCTCCAATAGCGTATATTTAAGTTGTTGCAGTTAAAAAGCTCGTAGTTGGATTTTGGGTGCGGCAGGCCGGTCCGCCGTTTCGGTGTGCACTGGCAGGCGGCATCTTTCTGTCGGGGACGCGCTCCTGGGGTTAGTTCTTCGGGACGCGGAGTCGGCGCAGTTACTTTGAAAAAATTAGAGTGTTCAAAGCGGGCCTACGCTTGAATATATTAGCATGGAATAACACCATAGGACTCCTGTCCTATTCTGTTGGTCTTCGGGATGGGAGTAATGATTAAGAGGAACAGTTGGGGGCATTCGTATTTCATTGTCAGAGGTGAAATTCTTGGATTTATGAAAGACGAACTTCTGCGAAAGCATTTGCCAAGGATGTTTTCATCG";"ATTCCAGCTCCAATAGCGTATATTAAAGTTGTTGCAGTTAAAAAGCTCGTAGTTGAATTTCTGGTGGGGGTGTACAGTCCGACACTGAGTGTTGGTTCTTGTGTGTCTCCAGCCATCCTTGGAGTGAATCTGTCTGGCATTCAGTTGTTGGGCAGAGTATCTCCATCGTTTACTGTGAGGAAATGAAAGTGTTCAAAGCAGGCTTACGCCGTTGAATCTTTTAGCATGGAATAATAAGATAGGATCTTGATACTATTTTGTTGGTTTGCGTGTTAAGATAATGATGAATAGGGACAGTTGGGGGTATTTGTATTCCATAGTCAGAGGTGAAATTCTTGGATTTATGGAAGACAAACTAATGCGAAAGCATCTACCAAGGATGTTTTCATTG";"ATTCCAGCTCTGTAAGCGTATATCAAAGTTGTTGCAGTTAAAACGCTCGTAGTCGGATTTTGGTAGTTCCGGGAGTGTGCGCGTCGAGCGCGTGCTTCGCAGGGGCTGCTTTTGTGGGCATGCGTAGGATGAGGCAACTTTATTGTTGAACGTCCTTCACGCGACCACCATTTACTGTGAAAAAATTAAAGTGTTCAAAGCAGGCATTTGTCGTGAATACATTAGCATGGAATAATTGAATAGGACTTGGTCTTATTTTGTTGGTTTGTTATGGCCGAGTAATGATTAAAAGGGACAGTTGGGGGCATTTGTATTCCGGAGCTAGAGGTGAAATTCTTAGATTTCCGGAAGACAAACCGCTGCGAAAGCGTCTGCCAAGGATGTTTTCATCG";"ATTCCAGCTCCAATAGCGTATATTAAAGTTGTTGCAGTTAAAACGCTCGTAGTCGGATTTCGGGGCCTGCCTGCTGGTCTGCCGATGGGTATGCACTGGCAGGCGCGTCCTTCCTTCCGGAGACTGTCCCTACTCTTAACTGAGCGGGGTCGGGAGACGGATCGTTTACTTTGAAAAAATCAGAGTGTTTCAAGCAGGCAGCTCGCTCTTGCATGGATTAGCATGGGATAATGAAATAGGACTTTGGTGCTATTTTGTTGGTTTCGAACACCGAAGTAATGATTAACAGGGACAGTCAGGGGCACTCGTATTCCGCCGAGAGAGGTGAAATTCTCAGACCAGCGGAAGACGAACTACTGCGAAAGCATTTGCCAGGGATGTTTTCATCG"
"C1A17";0;0;0;0;0;0;0;0;0;0;0;0;0;0;0;0;0;0;0;0;0;0;0;0;0;0;0;0;0;0;0;0;0;0;0;0;0;0;0;0;0;0;0;0;0;0;0;0;0;0;0;0;0;0;0;0;0;0;0;0
"C1F18";0;0;0;0;0;0;0;0;0;0;0;0;0;0;0;0;0;0;0;0;0;0;0;0;0;0;0;0;0;0;0;0;0;0;0;0;0;0;0;0;0;0;0;0;0;0;0;0;0;0;0;0;0;0;0;0;0;0;0;0
"C1A18";0;0;0;0;0;0;0;0;0;0;0;0;0;0;0;0;0;0;0;0;0;0;0;0;0;0;0;0;0;0;0;0;0;0;0;0;0;0;0;0;0;0;0;0;0;0;0;0;0;0;0;0;0;0;0;0;0;0;0;0
"C2A17";0;0;0;0;0;0;0;0;0;0;0;0;0;0;0;0;0;0;0;0;0;0;0;0;0;0;0;0;0;0;0;0;0;0;0;0;0;0;0;0;0;0;0;0;0;0;0;0;0;0;0;0;0;0;0;0;0;0;0;0
"C2F18";0;0;0;0;0;0;0;0;0;0;0;0;0;0;0;0;0;0;0;0;0;0;0;0;0;0;0;0;0;0;0;0;0;0;0;0;0;0;0;0;0;0;0;0;0;0;0;0;0;0;0;0;0;0;0;0;0;0;0;0
"C2A18";0;0;0;0;0;0;0;0;0;0;0;0;0;0;0;0;0;0;0;0;0;0;0;0;0;0;0;0;0;0;0;0;0;0;0;0;0;0;0;0;0;0;0;0;0;0;0;0;0;0;0;0;0;0;0;0;0;0;0;0
"C3A17";0;0;0;0;0;0;0;0;0;0;0;0;0;0;0;0;0;0;0;0;0;0;0;0;0;0;0;0;0;0;0;0;0;0;0;0;0;0;0;0;0;0;0;0;0;0;0;0;0;0;0;0;0;0;0;0;0;0;0;0
"C3F18";0;0;0;0;0;0;0;0;0;0;0;0;0;0;0;0;0;0;0;0;0;0;0;0;0;0;0;0;0;0;0;0;0;0;0;0;0;0;0;0;0;0;0;0;0;0;0;0;0;0;0;0;0;0;0;0;0;0;0;0
"C3A18";0;0;0;0;0;0;0;0;0;0;0;0;0;0;0;0;0;0;0;0;0;0;0;0;0;0;0;0;0;0;0;0;0;0;0;0;0;0;0;0;0;0;0;0;0;0;0;0;0;0;0;0;0;0;0;0;0;0;0;0
"C4A17";0;0;0;0;0;0;0;0;0;0;0;0;0;0;0;0;0;0;0;0;0;0;0;0;0;0;0;0;0;0;0;0;0;0;0;0;0;0;0;0;0;0;0;0;0;0;0;0;0;0;0;0;0;0;0;0;0;0;0;0
"C4F18";0;0;0;0;0;0;0;0;0;0;0;0;0;0;0;0;0;0;0;0;0;0;0;0;0;0;0;0;0;0;0;0;0;0;0;0;0;0;0;0;0;0;0;0;0;0;0;0;0;0;0;0;0;0;0;0;0;0;0;0
"C4A18";0;0;0;0;0;0;0;0;0;0;0;0;0;0;0;0;0;0;0;0;0;0;0;0;0;0;0;0;0;0;0;0;0;0;0;0;0;0;0;0;0;0;0;0;0;0;0;0;0;0;0;0;0;0;0;0;0;0;0;0
"F1A17";46;0;0;91;69;17;0;0;59;0;0;0;45;0;37;0;0;0;0;0;0;13;11;0;0;0;0;0;12;0;0;0;0;21;0;0;0;0;19;19;0;0;0;0;0;15;0;0;0;13;0;0;0;12;0;0;11;0;0;0
"F1F18";0;0;0;0;0;0;0;0;0;0;0;0;0;0;0;0;0;0;0;0;0;0;0;6;5;0;0;0;0;0;0;0;0;0;21;0;0;0;0;0;0;0;0;0;0;0;6;0;0;0;0;0;0;0;12;0;0;0;0;0
"F1A18";0;0;0;0;0;0;0;0;0;0;0;0;0;0;0;37;37;0;29;0;0;0;0;0;0;0;0;0;0;0;0;0;0;0;0;0;0;0;0;0;0;0;0;0;0;0;9;0;0;0;0;0;0;0;0;0;0;0;0;0
"F2A17";95;0;0;0;0;0;62;47;0;0;53;0;0;43;0;0;0;0;0;0;0;13;0;0;0;26;0;0;0;0;0;0;0;0;0;20;0;0;0;0;0;18;0;0;0;0;0;15;14;0;0;0;0;0;0;12;0;0;0;0
"F2F18";0;0;0;0;0;0;0;0;0;0;0;8;0;0;0;0;0;0;0;0;0;0;0;0;0;0;26;0;0;0;0;0;0;0;0;0;0;0;0;0;19;0;0;0;16;0;0;0;0;0;0;0;0;0;0;0;0;11;0;0
"F2A18";0;36;0;0;0;0;0;0;0;0;0;0;0;0;0;0;0;0;0;0;0;0;0;0;0;0;0;0;0;0;0;0;0;0;0;0;0;0;0;0;0;0;18;0;0;0;0;0;0;0;0;0;0;0;0;0;0;0;0;0
"F3A17";0;0;0;0;0;0;0;0;0;0;0;0;0;0;0;0;0;0;0;0;0;0;15;0;0;0;0;0;0;23;0;0;0;0;0;0;0;0;0;0;0;0;0;0;0;0;0;0;0;0;0;0;0;0;0;0;0;0;0;0
"F3F18";0;0;79;0;0;0;0;0;0;57;0;18;0;0;0;0;0;0;0;17;27;0;0;0;21;0;0;0;4;0;23;0;0;0;0;0;0;0;0;0;0;0;0;0;0;0;0;0;0;0;13;0;0;0;0;0;0;0;0;0
"F3A18";0;13;0;0;0;0;0;0;0;0;0;0;0;0;0;0;0;0;0;0;0;0;0;0;0;0;0;0;0;0;0;0;0;0;0;0;20;20;0;0;0;0;0;0;0;0;0;0;0;0;0;4;0;0;0;0;0;0;11;0
"F4A17";0;0;0;0;0;0;0;15;0;0;0;0;0;0;0;0;0;0;0;0;0;0;0;0;0;0;0;0;0;0;0;0;0;0;0;0;0;0;0;0;0;0;0;0;0;0;0;0;0;0;0;0;0;0;0;0;0;0;0;0
"F4F18";0;63;40;0;0;50;0;0;0;0;0;23;0;0;0;0;0;35;0;11;0;0;0;0;0;0;0;26;9;0;0;22;0;0;0;0;0;0;0;0;0;0;0;0;0;0;0;0;0;0;0;9;13;0;0;0;0;0;0;0
"F4A18";0;27;0;0;0;0;0;0;0;0;0;0;0;0;0;0;0;0;0;0;0;0;0;20;0;0;0;0;0;0;0;0;22;0;0;0;0;0;0;0;0;0;0;17;0;0;0;0;0;0;0;0;0;0;0;0;0;0;0;11
"H1A17";0;0;0;0;0;0;0;0;0;0;0;0;0;0;0;0;0;0;0;0;0;0;0;0;0;0;0;0;0;0;0;0;0;0;0;0;0;0;0;0;0;0;0;0;0;0;0;0;0;0;0;0;0;0;0;0;0;0;0;0
"H1F18";0;0;0;0;0;0;0;0;0;0;0;0;0;0;0;0;0;0;0;0;0;0;0;0;0;0;0;0;0;0;0;0;0;0;0;0;0;0;0;0;0;0;0;0;0;0;0;0;0;0;0;0;0;0;0;0;0;0;0;0
"H1A18";0;0;0;0;0;0;0;0;0;0;0;0;0;0;0;0;0;0;0;0;0;0;0;0;0;0;0;0;0;0;0;0;0;0;0;0;0;0;0;0;0;0;0;0;0;0;0;0;0;0;0;0;0;0;0;0;0;0;0;0
"H2A17";0;0;0;0;0;0;0;0;0;0;0;0;0;0;0;0;0;0;0;0;0;0;0;0;0;0;0;0;0;0;0;0;0;0;0;0;0;0;0;0;0;0;0;0;0;0;0;0;0;0;0;0;0;0;0;0;0;0;0;0
"H2F18";0;0;0;0;0;0;0;0;0;0;0;0;0;0;0;0;0;0;0;0;0;0;0;0;0;0;0;0;0;0;0;0;0;0;0;0;0;0;0;0;0;0;0;0;0;0;0;0;0;0;0;0;0;0;0;0;0;0;0;0
"H2A18";0;0;0;0;0;0;0;0;0;0;0;0;0;0;0;0;0;0;0;0;0;0;0;0;0;0;0;0;0;0;0;0;0;0;0;0;0;0;0;0;0;0;0;0;0;0;0;0;0;0;0;0;0;0;0;0;0;0;0;0
"H3A17";0;0;0;0;0;0;0;0;0;0;0;0;0;0;0;0;0;0;0;0;0;0;0;0;0;0;0;0;0;0;0;0;0;0;0;0;0;0;0;0;0;0;0;0;0;0;0;0;0;0;0;0;0;0;0;0;0;0;0;0
"H3F18";0;0;0;0;0;0;0;0;0;0;0;0;0;0;0;0;0;0;0;0;0;0;0;0;0;0;0;0;0;0;0;0;0;0;0;0;0;0;0;0;0;0;0;0;0;0;0;0;0;0;0;0;0;0;0;0;0;0;0;0
"H3A18";0;0;0;0;0;0;0;0;0;0;0;0;0;0;0;0;0;0;0;0;0;0;0;0;0;0;0;0;0;0;0;0;0;0;0;0;0;0;0;0;0;0;0;0;0;0;0;0;0;0;0;0;0;0;0;0;0;0;0;0
"H4A17";0;0;0;0;0;0;0;0;0;0;0;0;0;0;0;0;0;0;0;0;0;0;0;0;0;0;0;0;0;0;0;0;0;0;0;0;0;0;0;0;0;0;0;0;0;0;0;0;0;0;0;0;0;0;0;0;0;0;0;0
"H4F18";0;0;0;0;0;0;0;0;0;0;0;0;0;0;0;0;0;0;0;0;0;0;0;0;0;0;0;0;0;0;0;0;0;0;0;0;0;0;0;0;0;0;0;0;0;0;0;0;0;0;0;0;0;0;0;0;0;0;0;0
"H4A18";0;0;0;0;0;0;0;0;0;0;0;0;0;0;0;0;0;0;0;0;0;0;0;0;0;0;0;0;0;0;0;0;0;0;0;0;0;0;0;0;0;0;0;0;0;0;0;0;0;0;0;0;0;0;0;0;0;0;0;0
"P1F18";0;0;0;0;0;0;0;0;0;0;0;0;0;0;0;0;0;0;0;0;0;0;0;0;0;0;0;0;0;0;0;0;0;0;0;0;0;0;0;0;0;0;0;0;0;0;0;0;0;0;0;0;0;0;0;0;0;0;0;0
"P1A18";0;0;0;0;0;0;0;0;0;0;0;0;0;0;0;0;0;0;0;0;0;0;0;0;0;0;0;0;0;0;0;0;0;0;0;0;0;0;0;0;0;0;0;0;0;0;0;0;0;0;0;0;0;0;0;0;0;0;0;0
"P2F18";0;0;0;0;0;0;0;0;0;0;0;0;0;0;0;0;0;0;0;0;0;0;0;0;0;0;0;0;0;0;0;0;0;0;0;0;0;0;0;0;0;0;0;0;0;0;0;0;0;0;0;0;0;0;0;0;0;0;0;0
"P3F18";0;0;0;0;0;0;0;0;0;0;0;0;0;0;0;0;0;0;0;0;0;0;0;0;0;0;0;0;0;0;0;0;0;0;0;0;0;0;0;0;0;0;0;0;0;0;0;0;0;0;0;0;0;0;0;0;0;0;0;0
"P4F18";0;0;0;0;0;0;0;0;0;0;0;0;0;0;0;0;0;0;0;0;0;0;0;0;0;0;0;0;0;0;0;0;0;0;0;0;0;0;0;0;0;0;0;0;0;0;0;0;0;0;0;0;0;0;0;0;0;0;0;0
"Q1A17";0;0;0;0;0;0;0;0;0;0;0;0;0;0;0;0;0;0;0;0;0;0;0;0;0;0;0;0;0;0;0;0;0;0;0;0;0;0;0;0;0;0;0;0;0;0;0;0;0;0;0;0;0;0;0;0;0;0;0;0
"Q1F18";0;0;0;0;0;0;0;0;0;0;0;0;0;0;0;0;0;0;0;0;0;0;0;0;0;0;0;0;0;0;0;0;0;0;0;0;0;0;0;0;0;0;0;0;0;0;0;0;0;0;0;0;0;0;0;0;0;0;0;0
"Q2A17";0;0;0;0;0;0;0;0;0;0;0;0;0;0;0;0;0;0;0;0;0;0;0;0;0;0;0;0;0;0;0;0;0;0;0;0;0;0;0;0;0;0;0;0;0;0;0;0;0;0;0;0;0;0;0;0;0;0;0;0
"Q2F18";0;0;0;0;0;0;0;0;0;0;0;0;0;0;0;0;0;0;0;0;0;0;0;0;0;0;0;0;0;0;0;0;0;0;0;0;0;0;0;0;0;0;0;0;0;0;0;0;0;0;0;0;0;0;0;0;0;0;0;0
"Q3A17";0;0;0;0;0;0;0;0;0;0;0;0;0;0;0;0;0;0;0;0;0;0;0;0;0;0;0;0;0;0;0;0;0;0;0;0;0;0;0;0;0;0;0;0;0;0;0;0;0;0;0;0;0;0;0;0;0;0;0;0
"Q3F18";0;0;0;0;0;0;0;0;0;0;0;0;0;0;0;0;0;0;0;0;0;0;0;0;0;0;0;0;0;0;0;0;0;0;0;0;0;0;0;0;0;0;0;0;0;0;0;0;0;0;0;0;0;0;0;0;0;0;0;0
"Q3A18";0;0;0;0;0;0;0;0;0;0;0;0;0;0;0;0;0;0;0;0;0;0;0;0;0;0;0;0;0;0;0;0;0;0;0;0;0;0;0;0;0;0;0;0;0;0;0;0;0;0;0;0;0;0;0;0;0;0;0;0
"Q4A17";0;0;0;0;0;0;0;0;0;0;0;0;0;0;0;0;0;0;0;0;0;0;0;0;0;0;0;0;0;0;0;0;0;0;0;0;0;0;0;0;0;0;0;0;0;0;0;0;0;0;0;0;0;0;0;0;0;0;0;0
"Q4F18";0;0;0;0;0;0;0;0;0;0;0;0;0;0;0;0;0;0;0;0;0;0;0;0;0;0;0;0;0;0;0;0;0;0;0;0;0;0;0;0;0;0;0;0;0;0;0;0;0;0;0;0;0;0;0;0;0;0;0;0
"Q4A18";0;0;0;0;0;0;0;0;0;0;0;0;0;0;0;0;0;0;0;0;0;0;0;0;0;0;0;0;0;0;0;0;0;0;0;0;0;0;0;0;0;0;0;0;0;0;0;0;0;0;0;0;0;0;0;0;0;0;0;0
"L1A17";0;0;0;0;0;0;0;0;0;0;0;0;0;0;0;0;0;0;0;0;0;0;0;0;0;0;0;0;0;0;0;0;0;0;0;0;0;0;0;0;0;0;0;0;0;0;0;0;0;0;0;0;0;0;0;0;0;0;0;0
"L1F18";0;0;0;0;0;0;0;0;0;0;0;0;0;0;0;0;0;0;0;0;0;0;0;0;0;0;0;0;0;0;0;0;0;0;0;0;0;0;0;0;0;0;0;0;0;0;0;0;0;0;0;0;0;0;0;0;0;0;0;0
"L1A18";0;0;0;0;0;0;0;0;0;0;0;0;0;0;0;0;0;0;0;0;0;0;0;0;0;0;0;0;0;0;0;0;0;0;0;0;0;0;0;0;0;0;0;0;0;0;0;0;0;0;0;0;0;0;0;0;0;0;0;0
"L2A17";0;0;0;0;0;0;0;0;0;0;0;0;0;0;0;0;0;0;0;0;0;0;0;0;0;0;0;0;0;0;0;0;0;0;0;0;0;0;0;0;0;0;0;0;0;0;0;0;0;0;0;0;0;0;0;0;0;0;0;0
"L2F18";0;0;0;0;0;0;0;0;0;0;0;0;0;0;0;0;0;0;0;0;0;0;0;0;0;0;0;0;0;0;0;0;0;0;0;0;0;0;0;0;0;0;0;0;0;0;0;0;0;0;0;0;0;0;0;0;0;0;0;0
"L2A18";0;0;0;0;0;0;0;0;0;0;0;0;0;0;0;0;0;0;0;0;0;0;0;0;0;0;0;0;0;0;0;0;0;0;0;0;0;0;0;0;0;0;0;0;0;0;0;0;0;0;0;0;0;0;0;0;0;0;0;0
"L3A17";0;0;0;0;0;0;0;0;0;0;0;0;0;0;0;0;0;0;0;0;0;0;0;0;0;0;0;0;0;0;0;0;0;0;0;0;0;0;0;0;0;0;0;0;0;0;0;0;0;0;0;0;0;0;0;0;0;0;0;0
"L3F18";0;0;0;0;0;0;0;0;0;0;0;0;0;0;0;0;0;0;0;0;0;0;0;0;0;0;0;0;0;0;0;0;0;0;0;0;0;0;0;0;0;0;0;0;0;0;0;0;0;0;0;0;0;0;0;0;0;0;0;0
"L3A18";0;0;0;0;0;0;0;0;0;0;0;0;0;0;0;0;0;0;0;0;0;0;0;0;0;0;0;0;0;0;0;0;0;0;0;0;0;0;0;0;0;0;0;0;0;0;0;0;0;0;0;0;0;0;0;0;0;0;0;0
"L4A17";0;0;0;0;0;0;0;0;0;0;0;0;0;0;0;0;0;0;0;0;0;0;0;0;0;0;0;0;0;0;0;0;0;0;0;0;0;0;0;0;0;0;0;0;0;0;0;0;0;0;0;0;0;0;0;0;0;0;0;0
"L4F18";0;0;0;0;0;0;0;0;0;0;0;0;0;0;0;0;0;0;0;0;0;0;0;0;0;0;0;0;0;0;0;0;0;0;0;0;0;0;0;0;0;0;0;0;0;0;0;0;0;0;0;0;0;0;0;0;0;0;0;0
"L4A18";0;0;0;0;0;0;0;0;0;0;0;0;0;0;0;0;0;0;0;0;0;0;0;0;0;0;0;0;0;0;0;0;0;0;0;0;0;0;0;0;0;0;0;0;0;0;0;0;0;0;0;0;0;0;0;0;0;0;0;0
