"";"ATTCCAGCTCCAATAGCGTATATTAAAGTTGTTGCAGTTAAAAAGCTCGTAGTTGAATTTCTGGTGGGAGTGTACAGTCCGACACTGAGTGTTGGTTCTTGTGTGTCTCCGGCCATCCTTGGAGTGAATCTATCTGGCATTCAGTTGTTGGGTAGAGTATCTCCATCGTTTACTGTGAGGAAAGGAAAGTGTTCAAAGCAGGCTTACGCCGTTGAATCTTTTAGCATGGAATAATAAGATAGGATCTTGATACTATTTTGTTGGTTTGCGTGTCGAGATAATGATCAATAGGGACAGTTGGGGGTATTTGTATTCCATAGTCAGAGGTGAAATTCTTGGATTTATGGAAGACAAACTAATGCGAAAGCATCTACCAAGGATGTTTTCATCA";"ATTCCAGCTCCAATAGCGTATATTAAAGTTGTTGCAGTTAAAAAGCTCGTAGTTGAATTTCTGGTGGGAGTGTACAGTCCGACACTGAGTGTTGGTTCTTGTGTGTCTCCGGCCATCCTTGGAGTGAATCTATCTGGCATTCAGTTGTTGGGTAGAGTATCTCCATCGTTTACTGTGAGGAAAGGAAAGTGTTCAAAGCAGGCTTACGCCGTTGAATCTTTTAGCATGGAATAATAAGATAGGATCTTGATACTATTTTGTTGGTTTGCGTGTCGAGATAATGATCAATAGGGACAGTTGGGGGTATTTGTATTCCATAGTCAGAGGTGAAATTCTTGGATTTATGGAAGACAAACTAATGCGAAAGCATCTACCAAGGATGTTTTCATCG";"ATTCCAGCTCCAATAGCGTATATTAAAGTTGTTGCAGTTAAAAAGCTCGTAGTTGGATTTGTGGTGTGTCCAGTCGGCCTTTGCTCTTTGAGTGATTGCGCTGTACTGGTCTGCCATGTTTGGGTGGAATCTGTGTGGCATTAAGTTGTCGTGCAGGGGATGCCCATCGTTTACTGTGAAAAAATTAGAGTGTTCAAAGCAGGCTTATGCCGTTGAATATATTAGCATGGAATAATGATATAGGACCTTGGTACTATTTTGTTGGTTTGCGCACTAAGGTAATGATTAAGAGGGACAGTTGGGGGTATTTGTATTCCATTGTCAGAGGTGAAATTCTTGGATTTTTGGAAGACAAACTACTGCGAAAGCATTTACCAAGGATGTTTTCATCG";"ATTCCAGCTCCAATAGCGTATATTAAAGTTGTTGCAGTTAAAAAGCTCGTAGTTGAAATACTGATGTAGTCGACCGGTCCCGTGCTTTGTCGCGGGCACTCGTGTCGAGCTAGATCATTCTTGGTGATAACCGATCTGGCATTAGGTTGTTGGATTTTGGTGAAGACCATCGTTTACTGTGAAAAAATTAGAGTGTTCAAAGCAGACTTATGTCGTTGAATAGATTAGCATGGAATAATAATATAGGACTTTTGTACTATTTTGTTGGTTAGGTGTGAAAGTAATGATCAACAGGGACAGTTGGGCATATTTGTATTTCGTTGCTAGAGGTGAAATTCTTGGATTCTCGAAAGACAAACTACTGCGAAAGCATTTATGAAGGATGTTTTCATCA";"ATTCCAGCTCCAATAGCGTATATTAAAGTTGCTGCAGTTAAAAAGCTCGTAGTTGGATTTGTGGCGCGGTCGTCCGGCGGGGGCTCTTGATTGAGCCCGTTTGCTCTGGTTTTCGGCCGTTCCTTTCTCGGGTAGCGGGTGGCTGGCATTAGGTTGTCGGCCGCTTCGCGCCCGTCTTTTACTGTGAAAAAATTAGAGTGTTCAAAGCAGGCTTAGGCCGTTGGATACATTAGCATGGAATAATGAGATAGGGCCACGACGGTCTATTTTGTTGGTTTGCACGTTGTGGTAATGATTAACAGGAACGGTTGGGGGTATTCGTATTCAATTGTCAGAGGTGAAATTCTTGGATTTGTGGAAGACGAACTACTGCGAAAGCATTTACCAAGGATGTTTTCATCG";"ATTCCAGCTCCAATAGCGTATATTAAAGTTGTTGCAGTTAAAAAGCTCGTAGTTGGATTTGTGGTGTGTCCAGTCGGCCTTTGCTCTTTGAGTGATTGCGCTGTACTGGTCTGCCATGTTTGGGTGGAATCTGTGTGGCATTAAGTTGTCGTGCAGGGGATGCCCATCGTTTACTGTGAAAAAATTAGAGTGTTCAAAGCAGGCTTATGCCGTTGAATATATTAGCATGGAATAATGATATAGGACCTTGGTACTATTTTGTTGGTTTGCGCACTAAGGTAATGATTAAGAGGGACAGTTGGGGGTATTTGTATTCCATTGTCAGAGGTGAAATTCTTGGATTTTTGGAAGACAAACTACTGCGAAAGCATTTACCAAGGATGTTTTCATCA";"ATTCCAGCTCCAATAGCGTATATTAAAGTTGTTGCAGTTAAAAAGCTCGTAGTTGGATTTCTGGCAGGAGCGACCGGTCACGCACTCTGTGCGTGAACTTGTGTTGTCTCTGGCCATCCTCGGGGAGATCCTGTTTGGCATTAAGTTGTCGGGCAGGGGATACCTGTCGTTTACTGTGAAAAAATTAGAGTGTTTAAAGCAGGCTTATGCCGTTGAATATATTAGCATGGAATAATAAGATAGGACTTCGGAACTATTTTGTTGGTTTGCGTTACGAAGTAATGATTAATAGGGACAGTTGGGGGTATTCGTATTTCGTTGTCAGAGGTGAAATTCTTGGATTTCCGAAAGACGAACTACTGCGAAAGCATTTACCAAGGATGTTTTCATCA";"ATTCCAGCTTCAGTAGCGTATATTAAAGTTGTTGCAGTTAAAAAGCTCGTAGTCGCATTTCTGGAGAGAGGAACTGGTCCGACCTTACGGTGGGTTCTTGGTTCTCTCTCTCCATCCTTGAGTGGCCCATTCTGGCATTAAGTTGTCGGAGTGTTAGCCGCTCATCGTTTACTGTGAGAAAATTAGAGTGTTCAAAGCAGGCTTATGCCGTTGAATATATTAGCATGGAATAATAAGATAGGACCTCGGTACTATTTTGTTGGTTTACGCACCAAGGTAATGATGAACAGGGACAGTTGGGGGTATTTGTATTTCGTTGTCAGAGGTGAAATTCTTAGATTTACGAAAGACAAACTACTGCGAAAGCATTTACCAAGGATGTTTTCATCG";"ATTCCAGCTCCAATAGCGTATATTAAAGTTGTTGCAGTTAAAAAGCTCGTAGTTGGATTTGTGGTTGAGGTGGCCGGCCCTCACTATGTGTGGTGCTTGGCTGTCCTCGTCCATCCTTGGGTGGAACTGGTGTGGCATTAAGTTGTCGTGTCAGGGATGCCCATCATTTACTGTGAAAAAATTAGAGTGTTCAAAGCAGGCTTACGCCGCTGAATATATTAGCATGGAATAATGAGATAGGACCTTGGTACTATTTTGTTGGTTTGCGCACCGAGGTAATGATTAATAGGGACAGTTGGGGGTATTCGTATTCCATTGTCAGAGGTGAAATTCTTGGATTTCTGGAAGACGAACTACTGCGAAAGCATTTACCAAGGATGTTTTCATCA";"ATTCCAGCTCCAATAGCGTATATTAAAGTTGTTGCAGTTAAAACGCTCGTAGTCGGATTTCGGGGCGGGCCGACCGGTCTGCCGATGGGTATGCACTGGCCGGCGCGTCCTTCCTTCCGGAGACCGTGCCTACTCTTAACTGAGCGGGTTCGGGAGACGGATCGTTTACTTTGAAAAAATCAGAGTGTTTCAAGCAGGCAGCTCGCTCTTGCATGGATTAGCATGGGATAATGAAATAGGACTTTGGTGCTATTTTGTTGGTTTCGAACACCGAAGTAATGATTAAAAGGGACAGTCAGGGGCACTCGTATTCCGCCGAGAGAGGTGAAATTCTCAGACCAGCGGAAGACGAACCACTGCGAAAGCATTTGCCAGGGATGTTTTCATCA";"ATTCCAGCTCCAATAGCGTATACTAAAGTTGTTGCAGTTAAAAAGCTCGTAGTTGTATTTCTGGTCGCGGATGCCGGTCCGCCTCTAACGAGGTGCGCACCTGGTGTCTGTGTCCATCCTCGGGGAGAGCATGTCTGGCATTAAGTTGTCGGGCTTGGGATCCTCGTCATTTACTGTGAGCAAAATAGAGTGTTCAAAGCAGGCTTAGGCCGTTGAATACATTAGCATGGAATAATAAGATAGGACCTCGGTCTATTTTGTTGGTTTACATTCCGAGGTAATGATTAATAGGGATAGTTGGGGGTATTCGTATTCAATTGTCAGAGGTGAAATTCTTGGATTTATGGAAGACGAACAACTGCGAAAGCATTTACCAAGGATGTTTTCATTA";"ATTCCAGCTCCAATAGCGTATATTTAAGTTGCTGCAGTTAAAAAGCTCGTAGTTGGATTTCGGATGGGATTTGCCGGTCCGCCGTTTCGGTGTGCACTGGCCAGTCCCATCTTGTTGTCGGGGACTAGCTCATGGGCTTCACTGTCCGGGACTAGGAGCTGACGAGGTTACTTTGAGTAAATTAGAGTGTTCAAAGCAAGCCTACGCTCTGAATACATTAGCATGGAATAACATGATAGGACTCTGGCTTATCTTGTTGGTCTGTGAGACCAGAGTAATGATTAAGAGGGACAGTCGGGGGCATTCGTATTTCATTGTCAGAGGTGAAATTCTTGGATTTATGAAAGACGAACTTCTGCGAAAGCATTTGTCAAGGATGTTTTCATCG";"ATTCCAGCTCCAATAGCGTATATTAAAGTTGTTGCAGTTAAAAAGCTCGTAGTTGGATTTCTGATTGAGACATCAGGTCGGGTCCGAGAGGATCATGTACTTTGATTTTGTTTTGATCATCCTTGGGGAGAGCATTTCTGGCATTCAGTTGTCGGGATTGGGATCCTCATCGTTTACTGTGAAAAAATTAGAGTGTTCAAAGCAGGCCTCGGCCTCTGAATACATTAGCATGGAATAATAAGATAGGACTTTGGTGGTCTATTTTGTTGGTTTGCACGCCAAAGTAATGATTAATAGGGATAGTTGGGGGTATTCGTATTCAATTGTCAGAGGTGAAATTCTTGGATTTATGGAAGACGAACTACTGCGAAAGCATTTACCAAGGATGTTTTCATCG";"ATTCCAGCTCCAATAGCGTATATTTAAGTTGCTGCAGTTAAAAAGCTCGTAGTTGGATTTCGGATGGGATTTGCCGGTCCGCCGTTTCGGTGTGCACTGGCCAGTCCCATCTTGTTGTCGGGGACTAGCTCATGGGCTTCACTGTCCGGGACTAGGAGCTGACGAGGTTACTTTGAGTAAATTAGAGTGTTCAAAGCAAGCCTACGCTCTGAATACATTAGCATGGAATAACATGATAGGACTCTGGCTTATCTTGTTGGTCTGTGAGACCAGAGTAATGATTAAGAGGGACAGTCGGGGGCATTCGTATTTCATTGTCAGAGGTGAAATTCTTGGATTTATGAAAGACGAACTTCTGCGAAAGCATTTGTCAAGGATGTTTTCATCA";"ATTCCAGCTCCAATAGCGTATACTAAAGTTGTTGCAGTTAAAAAGCTCGTAGTTGAATTTCTGGTCGTGGCGATCGGTCCGCCCCTCACGGGGTGTGCACCTGGTCTCTACGTCCATCCTCGGGGAGAGCGCGTCTGGCATTCAGTTGTCGGGCGCGGGATCCTCGTCATTTACTGTGAGCAAAATAGAGTGTTCAAAGCAGGCTTAGGCCGTTGAATACATTAGCATGGAATAATAAGATAGGACCTTGGTCTATTTTGTTGGTTTGCATTCCAAGGTAATGATTAATAGGGATAGTTGGGGGTATTCGTATTCAATTGTCAGAGGTGAAATTCTTGGATTTATGGAAGACGAACTACTGCGAAAGCATTTACCAAGGATGTTTTCATCA";"ATTCCAGCTCCAATAGCGTATATTAAAGTTGTTGCAGTTAAAAAGCTCGTAGTTGGATTTGTGGTTGGAAAGGTCCGCCGTTGCTATGCTTCGTGTTGGATTTTTCCGTCCATCCTTGGGTGGATCCTGTGTGGCATTCAGTTGTCGTGCAGGGGATGCCCATCGTTTACTGTGAAAAAATTAGAGTGTTCAAAGCAGGCTTACGCCTTGAATATATTAGCATGGAATAATAAGATAGGACCTGGGTACTATTTTGTTGGTTTGCGCACCGAGGTAATGATTAATAGGGACAGTTGGGGGTATTCGTATTCCATTGTCAGAGGTGAAATTCTTGGATTTTTGGAAGACGAACTACTGCGAAAGCATTTACCAAGGATGTTTTCATCA";"ATTCCAGCTCCAATAGCGTATATTAAAGTTGTTGCAGTTAAAAAGCTCGTAGTTGGTCTCGTGGGCAGGGTGGCGGTCCGTTTTTCGGTACAGCAGCCCGGCCCTTTTTTGGACTAAGCCATGATGCCATTAACTTGGTGTTGTGGGGCGGTCCAACATTTACTGTGAGAAAATCAGAGCGTTCAAAGCAAGCGTTAGCTATGAATGTGTTAGCATGGAATAATGAGATAGGGCCTCGGTGCTATTTCGTTGGTTTGCGCAGTGAGGCAATGAGTAATAGGGACAGTTGGGGGTATAGGTATCACATGGCCAGGGGTGAAATCTAAAAATCCATGTGCGACCAACTACTGCGAAAGCATTTACCAAGGATGTTTTCATCA";"ATTCCAGCTCCAATAGCGTATATTAAAGTTGTTGCAGTTAAAAAGCTCGTAGTTGGATTTCTGGTAGGAGTGATCAGTCCGACACTTTGTGTGGGTACTTGCATCATCTCCGGCCATCCTTGGGGAGAGCTTGTCTGGCATTAGGTTGTTGGGCAGGGTATCCCTATCATTTACTGTGAAAAAATTAGAGTGTTCAAAGCAGGCTTAGGTTGTTGAATATATTAGCATGGAATAAAAAAATAGGACGGCGGTACTATTTTGTTGGTTTGCGCACAGCTGTAATGGATAATAGGGATAGTTGGGGATATTTGTATTCTATTGTCAGAGGTGAAATTCTTGGATTTATGGAAGACAAACTAAAGCGAAAGCATTTACCAGGGATGTTTTCATCG";"ATTCCAGCTCTAATAGCGTATATTAAAGTTGTTGCAGTTAAAAAGCTCGTAGTCGGATGTCGGGCTCGGGCAAGCTGTCGGCCTCTGGTCGGACGGCAGGCTCGGGTCTTTCTGCCTGAGGAACCCGGTTGCTTCCGGGCTGCCGGTGGACGCAGGTCGTTTACTTTGAAAAAATTAGAGTGTTCAAAGCAGGCTAGCGCTTGAATACATTAGCATGGAATAATGGAATAGGACTTTGGTGCTATTTTGTTGGTTTATGGGACCGAAGTAATGATTAACAGGGACAGTTGGGGCCGTTTATATTTCGTTGTCAGAGGTGAAATTCTTGGATTTACGAAAGATAAACTTCTGCGAAAGCATTCGGCAAGGATGTTTTCATCA";"ATTCCAGCTCCAATAGCGTATATTAAAGTTGTTGCAGTTAAAAAGCTCGTAGTTGGATTTGTGGCGTACGGTGTGTTCCGGGCACTTGTTGTCTGAGTAACCTGCCGTTGCCATCCTTGGGTGGAACCTGTGTGGCATTAGGTTGTCGTGCAGGGGATGCCCATCATTTACTGTGAAAAAATTAGAGTGTTCAAAGCAGGCTTATGCCGTTGAATATATTAGCATGGAATAATGAGATAGGACTTTTTTGCTATTTTGTTGGTTTGCGCAAAGAGGTAATGATTAATAGGGACAGTTGGGGGTATTCGTATTCCATTGTCAGAGGTGAAATTCTTGGATTTTTGGAAGACGAACTACTGCGAAAGCATTTACCAAGGATGTTTTCATTA";"ATTCCAGCTCCAATAGCGTATATTAAAGTTGTTGCAGTTAAAAAGCTCGTAGTTGGATTTGTGGTTGAGCTGTCCGGTCCGACACTTTTGTGTGGGTACTTGGACGGCTCGTCCATCCTTGGGTGGAATCTGTGTGGCATTAGGTTGTCGTGCAGGGGATGCCCATCTTTTACTGTGAAAAAATTAGAGTGTTCAAAGCAGGCTTATGCCGTTGAATATATTAGCATGGAATAATGAGATAGGACCTTGGTACTATTTTGTTGGTTTGCGCACCGAGGTAATGATTAATAGGGACAGTTGGGGGTATTCGTATTCCATTGTCAGAGGTGAAATTCTTGGATTTTTGGAAGACGAACTACTGCGAAAGCATTTACCAAGGATGTTTTCATCG";"ATTCCAGCTCCAATAGCGTATACTAAAGTTGTTGCAGTTAAAAAGCTCGTAGTTGGATTTCTGGTTGTGAGATTCGGTCTGCTTCGTAAGGAGTATGTACTAGAATTTCATATCCATCCTCGGAGTATTGTTATATGGGATTAATTTTTCGTGTAATGATCTCCGTCATTTACTGTGAGTAAACTAGAGTGTTCAAAGCAGGCTTAGGCCGTTGAATACATTAGCATGGAATAATAAGATAAGACCTTGGTCTATTTTGTTGGTTTATTTTCCAAGGTAATGATTAATAGGGATAGTTGGGGGTATTCGTATTCAATTGTCAGAGGTGAAATTCTTGGATTTATGGAAGACGAACTACTGCGAAAGCATTTACCAAGGATGTTTTCATCA";"ATTCCAGCTCTAATAGCGTATATTAAAGTTGTTGCAGTTAAAAAGCTCGTAGTCGGATGTCGGGCTCGGGCAAGCTGTCGGCCTCTGGTCGGACGGCAGGCTCGGGTCTTTCTGCCTGAGGAACCCGGTTGCTTCCGGGCTGCCGGTGGACGCAGGTCGTTTACTTTGAAAAAATTAGAGTGTTCAAAGCAGGCTAGCGCTTGAATACATTAGCATGGAATAATGGAATAGGACTTTGGTGCTATTTTGTTGGTTTATGGGACCGAAGTAATGATTAACAGGGACAGTTGGGGCCGTTTATATTTCGTTGTCAGAGGTGAAATTCTTGGATTTACGAAAGATAAACTTCTGCGAAAGCATTCGGCAAGGATGTTTTCATCG";"ATTCCAGCTCCAATAGCGTATATTAAAGTTGTTGCAGTTAAAAAGCTCGTAGTTGGATTTCTGGCAGGAGCGACCGGTCACGCACTCTGTGCGTGAACTTGTGTTGTCTCTGGCCATCCTCGGGGAGATCCTGTTTGGCATTAAGTTGTCGGGCAGGGGATACCCGTCGTTTACTGTGAAAAAAATAGAGTGTTTAAAGCAGGCTTATGCCGTTGAATATATTAGCATGGAATAATAAGATAGGACTTCGGAACTATTTTGTTGGTTTGCGTTACGAAGTAATGATTAATAGGGACAGTTGGGGGTATTCGTATTTCGTTGTCAGAGGTGAAATTCTTGGATTTCCGAAAGACGAACTACTGCGAAAGCATTTACCAAGGATGTTTTCATCA";"ATTCCAGCTCCAATAGCGTATACTAAAGTTGTTGCAGTTAAAAAGCTCGTAGTTGAACTTCTGGATGTGAAAGGTGGTCGGCACCTCACGGTGTCTGTACCTATCATTCGCGTCCATCCTCGGGAGGAACATGTGGACACTTCAGTGGGTCTGCTTGGGAATCTCGTCATTTACTGTGAGCAAAATAGAGTGTTCAAAGCAGGCTTATGCCGTTGAATATATTAGCATGGAATAATAAGATACGACTTTGGTCTATTTTGTTGGTTTGCATTCCAAAGTAATGATTAATAGGGATAGTTGGGGGTATTCGTATTCAATTGTCAGAGGTGAAATTCTTGGATTTATGGAAGACGAACTACTGCGAAAGCATTTACCAAGGATGTTTTCATCG";"ATTCCAGCTCCAATAGCGTATATTAAAGTTGTTGCAGTTAAAAAGCTCGTAGTTGGATTTGTGGTGTGTCCAGTCGGCCTTTGCTCTTTGAGTGACTGAGCTGTTACTGGTCTGCCATGTTTGGGTGGAATCTGTGTGGCATTAAGTTGTCGTGCAGGGGATACCCATCGTTTACTGTGAAAAAATTAGAGTGTTCAAAGCAGGCTTATGCCTCTGAATATATTAGCATGGAATAATGATATAGGACCTTGGTACTATTTTGTTGGTTTGCGCACTGAGGTAATGATTAAGAGGGACAGTTGGGGGTATTTGTATTCCATTGTCAGAGGTGAAATTCTTGGATTTTTGGAAGACAAACTACTGCGAAAGCATTTACCAAGGATGTTTTCATCG";"ATTCCAGCTCCAAAAGCGTATATTAATGTTGTTGCAGTTAAAAAGCTCGTAGTTGGATTTCTGGTGGGAACGTTTGGCCGGCCGTAAAGGTCTGCGCTGAAATGTTTTTCGCCATCCTTGGCGAATACTTGTCCGCCATTAAGTTGTGTGGGCTTGGAGTCGTCATCGTTTACTGTGAAAAAATTAGAGTGTTCAAAGCAGGCATCCGCCGATGAATACATTAGCATGGAATAATAAGATAGGACTTTGGGTACTATTTTGTTGGTTTGCGTACCTAGGTAATGATTAATAGGGACAGTTGGGGGTATTTGTATTCCGTTGTCAGAGGTGAAATTCTTGGATTTACGGAAGACAAACTACTGCGAAAGCATTTACCAAGGATGTTTTCATTA";"ATTCCAGCTCCAATAGCGTATATTTTAGTTGTTGCAGTTAAAAAGCTCGTAGTTGAATTTCTGGTGGGGGAATGCGGTCTGACCCTTAGGGTCGGTACTTGCACTCTCCGGCCATCCTTGGGTGGAGCCATTCTGGCATTAAGTTGTCGGGGTGGGGATGCCCATCGTTTACTGTGAAAAAATTAGAGTGTTCAAAGCAGACTTATGTCGTTGAATATATTAGCATGGAATAATGAGATAGGACAGCAGTGCTATTTTGTTGGTTTGCGCACCGTTGTAATGATGAATAGGGACAGTTGTGGGTATTCGTATTCACTTGTAAGAGGTGAAATTCTTAGATTAAGGGAAGACGAACTACTGCGAAAGCATTTACCAAGGATGTTTTCATTA";"ATTCCAGCTCCAATAGCGTATATTAAAGTTGTTGCAGTTAAAAAGCTCGTAGTTGGATTTCTGGCAGGAGCGACCGGTCACGCACTCTGTGCGTGAACTTGTGTTGTCTCTGGCCATCCTCGGGGAGATCCTGTTTGGCATTAAGTTGTCGGGCAGGGGATACCCGTCGTTTACTGTGAAAAAAATAGAGTGTTTAAAGCAGGCTTATGCCGTTGAATATATTAGCATGGAATAATAAGATAGGACTTCGGAACTATTTTGTTGGTTTGCGTTACGAAGTAATGATTAATAGGGACAGTTGGGGGTATTCGTATTTCGTTGTCAGAGGTGAAATTCTTGGATTTCCGAAAGACGAACTACTGCGAAAGCATTTACCAAGGATGTTTTCATTA";"ATTCCAGCTCCAATAGCGTATACTAAAGTTGTTGCAGTTAAAAAGCTCGTAGTTGGATTTCTGTTTTTAAAAATCGGTCGTAACCTCACGGTTTCTGTACCAGGTTTCTTAAATGCATCCTCAGGGTTCTGTTATCTGGTATTAATTTATCGGATTTCTGGTCCTTGTCATTTACTGTGAGCAAAATAGAGTGTTCAAAGCAGGCTTAGGCCATGAATACATTAGCATGGAATAATAAGATAGGACCTTGGTCTATTTTGTTGGTTTACATTCCAAGGTAATGATTAATAGGGATAGTTGGGGGTATTTGTATTCAATTGTCAGAGGTGAAATTCTTGGATTTATGGAAGACAAACTACTGCGAAAGCATTTACCAAGGATGTTTTCATCG";"ATTCCAGCTCCAATAGCGTATATTAAAGTTGTTGCAGTTAGAACGCTCGTAGTCGGATTTCGGGGCGGGCCGACCGGTCTGCCGATGGGTACGCACTGGTCGGCGCGTCCTTCCTTCCGGAGACCGTGCCTACTCTTAACTGAGCGGGGGCGGGAGACGGAACTTTTACTTTGAAAAAATCAGAGTGTTTCAAGCAGGCAGTGCGCTCTTGCATGGATTAGCATGGGATAATGAAATAGGACTTTGGTGCTATTTTGTTGGTTTCGAACACCGAAGTAATGATTAAAAGGGACAGTCAGGGGCATTTGTATTCCGCCGAGAGAGGTGAAATTCTCAGACCAGCGGAAGACAAACTACTGCGAAAGCATCTGCCAGGGATGTTTTCATTG";"ATTCCAGCTCCAATAGCGTATACTAAAGTTGCTGCAGTTAAAAAGCTCGTAGTTGGATTTCTGGTCGTGGTCGCCGGTCGTGCCCAAACGGGTTCTGTACCTGGCGCCCGCGTCCATCCTCGGGGAGAGCGTGTCTGGCATTAAGTTGTCGGGCTCGGGACCCCCGTCATTTACTGTGAGCAAAATAGAGTGTTCAAAGCAGGCTTAGGCCATGAATACATTAGCATGGAATAATAAGATAGGACCTTGGTCTATTTTGTTGGTTTACATTCCAAGGTAATGATTAATAGGGATAGTTGGGGGTATTCGTATTCAATTGTCAGAGGTGAAATTCTTGGATTTATGGAAGACGAACTACTGCGAAAGCATTTACCAAGGATGTTTTCATCG";"ATTCCAGCTCCAATAGCGTATATTAAAGTTGTTGCAGTTAAAAAGCTCGTAGTTGGATTTCTGGCAGGAGCGACCGGTCACGCACTCTGTGCGTGAACTTGTGTTGTCTCTGGCCATCCTCGGGGAGATCCTGTTTGGCATTAAGTTGTCGGGCAGGGGATACCCGTCGTTTACTGTGAAAAAAATAGAGTGTTTAAAGCAGGCTTATGCCGTTGAATATATTAGCATGGAATAATAAGATAGGACTTCGGAACTATTTTGTTGGTTTGCGTTACGAAGTAATGATTAATAGGGACAGTTGGGGGTATTCGTATTTCGTTGTCAGAGGTGAAATTCTTGGATTTCCGAAAGACGAACTACTGCGAAAGCATTTACCAAGGATGTTTTCATCG";"ATTCCAGCTCCAATAGCGTATATTTAAGTTGTTGCAGTTAAAAAGCTCGTAGTTGGATTTCGGGTGGGGACAGCCGGTCCGCCGTTTGGTGAGCACTGGCTGGCCCCATCTTCTTGTCGGGGACGCAGTTCTGGCCTTTATTGGCTGGGGTGCGGAGTCGGCGACGTTACTTTGAAAAAATTAGAGTGTTCAAAGCAAGCTCACGCTCTGAATACATTAGCATGGAATAACACGATAGGACTCCGGTCCTATTTTGTTGGTCTTCGGGATCGGAGTAATGATTAAGAGGGACAGTTGGGGGCATTCGTATTTCATTGTCAGAGGTGAAATTCTTGGATTTATGAAAGACGAACTTCTGCGAAAGCATTTGCCAAGGATGTTTTCATCG";"ATTCCAGCTCCAATAGCGTATATTAAAGTTGTTGCAGTTAAAAAGCTCGTAGTTGGATTTCTGGTGGGGCTGTCGGCCTGGCTCCGAAAGGGGTCGTGGTTAGAACACGCCTGGCCATCCTCGGGGGAAGCTTTGCTGGCATTAAGTTGTCGGCGGAGTGACGCTCGTCGTTTACTGTGAACAAATTAGAGTGTTCAAAGCAGGCTTAGGCCGTTGAATACATTAGCATGGAATAATGAGATAGGACTTTGGTGGTCTATTTTGTTGGTTTGCACGCCGAAGTAATGATTAATAGGGGCGGTTGGGGGTATTCGTATTCAATTGTCAGAGGTGAAATTCTTGGATTTATGGAAGACGAACTACTGCGAAAGCATTTACCAAGGATGTTTTCATCA";"ATTCCAGCTCCAATAGCGTATATTAAAGTTGTTGCAGTTAAAAAGCTCGTAGTTGGATTTCTGATTGAGACATCAGGTCGGGTCCGAGAGGATCATGTACTTTGATTTTGTTTTGATCATCCTTGGGGAGAGCATTTCTGGCATTTAGTTGTCGGGATTGGGATCCTCATCGTTTACTGTGAAAAAATTAGAGTGTTCAAAGCAGGCCTCGGCCTCTGAATACATTAGCATGGAATAATAAGATAGGACTTTGGTGGTCTATTTTGTTGGTTTGCACGCCAAAGTAATGATTAATAGGGATAGTTGGGGGTATTCGTATTCAATTGTCAGAGGTGAAATTCTTGGATTTATGGAAGACGAACTACTGCGAAAGCATTTACCAAGGATGTTTTCATCG";"ATTCCAGCTCCAATAGCGTATATTAAAGTTGTTGCAGTTAAAAAGCTCGTAGTTGGATTTCTGGTGGGAGCGCCCGGTCGGCCCCGAAAGGGGTTGCACTGGTGGCGTCTCCGGCCATCCTCGGGACGAACCCGTCTGGCATTAAGTTGTCGGGCGGGTGAGGCTCGTCGTTTACTGTGAACAAATTAGAGTGTTCAAAGCAGGCTTAGGCCGTTGAATACATTAGCATGGAATAATGAGATAGGACTTTGGTGGTCTATTTTGTTGGTTTGCACGCCGAAGTAATGATTAATAGGGGCGGTTGGGGGTATTCGTATTCAATTGTCAGAGGTGAAATTCTTGGATTTATGGAAGACGAACTACTGCGAAAGCATTTACCAAGGATGTTTTCATCG";"ATTCCAGCTCCAATAGCGTATATTAAAGTTGTTGCAGTTAAAAAGCTCGTAGTTGGATTTCTGGCGAGGCTTGGTCGGTCGGCGCTTAGCGTGTGAACCGTGTCGAGCCTTGCCATCCTGAGGAAGAACCTTGTTGGCATTAAGTTGTCGACTTGGGTACTCCTCTCGTTTACTGTGAAAAAATTAGAGTGTTCAAAGCAGGCTTATGCCGTTGAATAGTCCAGCATGGAATAATAAGATAGGACCTCGGTGCTATTTTGTTGGTTTGCGCACCAAGGTAATGATTAATAGGGACAGTTGGGGGTATTCGTATTCTGCAGTCAGAGGTGAAATTCTTGGATTTACGGACGACGAACTACTGCGAAAGCATTTACCAAGGATGTTTTCATTA";"ATTCCAGCTCCAATAGCGTATATTAAAGTTGTTGCAGTTAAAAAGCTCGTAGTTGGATTTCTGGTAGAAGTAGCGACCTTGGGTCTTTGACCTATGAAGTTGCTATCTTCAACCATCCTTGAAGAGATTTAGTTTGGCATTAAGTTGTCGAACTAAAGATATTCATCTTTTACTGTGAAAAAATCAGAACGTTCAAAGTAAGCATTTAGCTTTGAATGTATTAGCATGGAATAATGAAATAGGACTTAGGTACTACTTTGTTGGTTTATGCACCTAGGTAATGATTAATAGGGATAGTTGGGGGTATTCGTATTCCAATGTTAGAGGTGAAATTCTTGGATTTTTGGAAGACGAACAACTGCGAAAGCATTTACCAAGGATGTTTTCATCG";"ATTCCAGCTCCAATAGCGTATATTAAAGTTGTTGCAGTTAAAAAGCTCGTAGTTGGATTTCTGGAGGAAGGGAGAAGTCCGACCTTTTATGGTGGGTACTGCTCCTCTTCCGCCATCTTTGGGTCTAAGCAGTCTGGCATTAAGTTGTCGGGCTGGGGATACCCATCGTTTACTGTGAAAAAATTAGAGTGTTCAAAGCAGGCTTATGCCGTTGAATATATTAGCATGGAATAATAAGATAGGACTTTGGTACTATTTTGTTGGTTTGCGCACCGAAGTAATGATCAATAGGGACAGTTGGGGGTATTCGTATTCAGTTGTCAGAGGTGAAATTCTTAGATTTACGGAAGACGAACTACTGCGAAAGCATTTACCAAGGATGTTTTCATCA";"ATTCCAGCTCCAATAGCGTATATTAAAGTTGTTGCAGTTAAAACGCTCGTAGTCGGATTTCGGGGCGGGCCTGCCGGTCTGCCGATGGGTATGCACTGGCAGGCGCGTCCTTCCTGCCGGAGACCGTCCCTACTCTTAACTGAGCGGGGTCGGGAGACGGCTCTTTTACTTTGAAAAAATCAGAGTGTTTCAAGCAGGCAGCTCGCTCTTGCATGGATTAGCATGGGATAATGAAATAGGACTTTGGTGCTATTTTGTTGGTTTCGAACACCGAAGTAATGATTAACAGGGACAGTCAGGGGCACTCGTATTCCGCCGAGAGAGGTGAAATTCTCAGACCAGCGGAAGACGAACTACTGCGAAAGCATTTGCCAGGGATGTTTTCATCG";"ATTCCAGCTCCAATAGCGTATACTAAAGTTGTTGCAGTTAAAAAGCTCGTAGTTGGATTTCTGGTCGAAGCAGCCGCTCAGCTTCTAGTAAGTTTGTAGCTGGCGCTTCGTCCATTTTTGTAAAGGCTGTATCTGTCATTAAGTTGGTGGGTACAGAACTTGCATCATTTACTGTGAGCAAAATAGAGTGTTCAAAGCAGGCTTAGGCCATGAATATCTTAGCATGGAATAATAAGATAAGACCTTGGTCTATTTTGTTGGTTAGCATTCCGAGGTAATGATTAATAGGGATAGTTGGGGGTATTCGTATTCAATTGTCAGAGGTGAAATTCTTGGATTTATTGAAGACGAACTACTGCGAAAGCATTTACCAAGGATGTTTTCATTA";"ATTCCAGCTCCAATAGCGTATACTAAAGTTGTTGCAGTTAAAAAGCTCGTAGTTGGATTTCTGTTATTAAAAATCGGTCGTGTCCTCACGGATTCTGTACCAGGTTTCTTAATTGCATCTTCAAGGTTCTGGTATCTGGTATTAATTTATCGGGTATTCGGTCCTTGTCATTTACTGTGAGCAAAATAGAGTGTTCAAAGCAGGCTTAGGCCATGAATACATTAGCATGGAATAATAAGATAGGACCTTGGTCTATTTTGTTGGTTTACATTCCAAGGTAATGATTAATAGGGATAGTTGGGGGTATTCGTATTCAATTGTCAGAGGTGAAATTCTTGGATTTATGGAAGACGAACTACTGCGAAAGCATTTACCAAGGATGTTTTCATCG";"ATTCCAGCTCCAATAGCGTATATTTTAGTTGTTGCAGTTAAAAAGCTCGTAGTTGAATTTCTGGTGGGAGAAGGCAGTCCGACCCTTTGGGTGGGTACTCGCTCTCTCCGGCCATCCTTGGTTGGAGCCTGTCTGGCATTAAGTTGTCGGGCAGGGGATGACCATCGTTTACTGTGAAAAAATTAGAGTGTTCAAAGCAGACTTATGTCATTGAATATATTAGCATGGAATAATAAAATAGGACTACAGTGCTATTTTGTTGGTTTGCGCACCGTGGTAATGATGAATAGGGACAGTTGTGGGTATTAGTATTCAGTTGTAAGAGGTGAAATTCTTAGATTAACGGAAGACTCACTACTGCGAAAGCATTTACCAAGGATGTTTTCATTG";"ATTCCAGCTCCAATAGCGTATACTAAAGTTGTTGCAGTTAAAAAGCTCGTAGTTGGATTTCTGTTATTAAAAATCGGTCGTGTCCTCACGGATTCTGTACCAGGTTTCTTAATTGCATCTTCAAGGTTCTGGTATCTGGTATTAATTTATCGGGTATTCGGTCCTTGTCATTTACTGTGAGCAAAATAGAGTGTTCAAAGCAGGCTTAGGCCATGAATACATTAGCATGGAATAATAAGATAGGACCTTGGTCTATTTTGTTGGTTTACATTCCAAGGTAATGATTAATAGGGATAGTTGGGGGTATTTGTATTCAATTGTCAGAGGTGAAATTCTTGGATTTATGGAAGACAAACTACTGCGAAAGCATTTACCAAGGATGTTTTCATCG";"ATTCCAGCTCCAATAGCGTATACTAAAGTTGTTGCAGTTAAAAAGCTCGTAGTTGAATTTCTGGTCGTGGCGACCGGTCCTCCCCTCGCGGGGTGTGCACCTGGTCTCTGCGTCCATCCTCGGGGAGAGCGCGTCTGGCATTCAGTTGTCGGGCGCGGGATCCTCGTCATTTACTGTGAGCAAAATAGAGTGTTCAAAGCAGGCTTAGGCCGTTGAATACATTAGCATGGAATAATAAGATAGGACCTTGGTCTATTTTGTTGGTTTGCATTCCAAGGTAATGATTAATAGGGATAGTTGGGGGTATTCGTATTCAATTGTCAGAGGTGAAATTCTTGGATTTATGGAAGACGAACTACTGCGAAAGCATTTACCAAGGATGTTTTCATCA";"ATTCCAGCTCCAATAGCGTATATTAAAGTTGTTGCAGTTAAAAAGCTCGTAGTCGGATTTCGGGTCGGGCCGAGCGGTCTGCCGATGGGTATGCACTGTTCGGCGCGGCCTTCTTTCCGGAGACCGCGGCTACTCTTAACTGAGCGGGCGTGGGAGACGGATCGTTTACTTTGAAAAAATCAGAGTGTTTCAAGCAGGCAGCTCGCTCTTGCATGGATTAGCATGGGATAATGAAATAGGACTCTGGTGCTATTTTGTTGGTTTCGAACACCGGAGTAATGATTAACAGGGACAGTCAGGGGCACTCGTATTCCGTCGAGAGAGGTGAAATTCTCAGACCAATGGAAGACGAACCACTGCGAAAGCATTTGCCAGGGATGTTTTCATTG"
"C1A17";0;0;0;0;0;0;0;0;0;0;0;0;0;0;0;0;0;0;0;0;0;0;0;0;0;0;0;0;0;0;0;0;0;0;0;0;0;0;0;0;0;0;0;0;0;0;0
"C1F18";0;0;0;0;0;0;0;0;0;0;0;0;0;0;0;0;0;0;0;0;0;0;0;0;0;0;0;0;0;0;0;0;0;0;0;0;0;0;0;0;0;0;0;0;0;0;0
"C1A18";0;0;0;0;0;0;0;0;0;0;0;0;0;0;0;0;0;0;0;0;0;0;0;0;0;0;0;0;0;0;0;0;0;0;0;0;0;0;0;0;0;0;0;0;0;0;0
"C2A17";0;0;0;0;0;0;0;0;0;0;0;0;0;0;0;0;0;0;0;0;0;0;0;0;0;0;0;0;0;0;0;0;0;0;0;0;0;0;0;0;0;0;0;0;0;0;0
"C2F18";0;0;0;0;0;0;0;0;0;0;0;0;0;0;0;0;0;0;0;0;0;0;0;0;0;0;0;0;0;0;0;0;0;0;0;0;0;0;0;0;0;0;0;0;0;0;0
"C2A18";0;0;0;0;0;0;0;0;0;0;0;0;0;0;0;0;0;0;0;0;0;0;0;0;0;0;0;0;0;0;0;0;0;0;0;0;0;0;0;0;0;0;0;0;0;0;0
"C3A17";0;0;0;0;0;0;0;0;0;0;0;0;0;0;0;0;0;0;0;0;0;0;0;0;0;0;0;0;0;0;0;0;0;0;0;0;0;0;0;0;0;0;0;0;0;0;0
"C3F18";0;0;0;0;0;0;0;0;0;0;0;0;0;0;0;0;0;0;0;0;0;0;0;0;0;0;0;0;0;0;0;0;0;0;0;0;0;0;0;0;0;0;0;0;0;0;0
"C3A18";0;0;0;0;0;0;0;0;0;0;0;0;0;0;0;0;0;0;0;0;0;0;0;0;0;0;0;0;0;0;0;0;0;0;0;0;0;0;0;0;0;0;0;0;0;0;0
"C4A17";0;0;0;0;0;0;0;0;0;0;0;0;0;0;0;0;0;0;0;0;0;0;0;0;0;0;0;0;0;0;0;0;0;0;0;0;0;0;0;0;0;0;0;0;0;0;0
"C4F18";0;0;0;0;0;0;0;0;0;0;0;0;0;0;0;0;0;0;0;0;0;0;0;0;0;0;0;0;0;0;0;0;0;0;0;0;0;0;0;0;0;0;0;0;0;0;0
"C4A18";0;0;0;0;0;0;0;0;0;0;0;0;0;0;0;0;0;0;0;0;0;0;0;0;0;0;0;0;0;0;0;0;0;0;0;0;0;0;0;0;0;0;0;0;0;0;0
"F1A17";0;0;0;0;0;0;0;0;0;0;0;0;0;0;0;0;0;0;0;0;0;0;0;0;0;0;0;0;0;0;0;0;0;0;0;0;0;0;0;0;0;0;0;0;0;0;0
"F1F18";0;0;0;0;0;0;0;0;0;0;0;0;0;0;0;0;0;0;0;0;0;0;0;0;0;0;0;0;0;0;0;0;0;0;0;0;0;0;0;0;0;0;0;0;0;0;0
"F1A18";0;0;0;0;0;0;0;0;0;0;0;0;0;0;0;0;0;0;0;0;0;0;0;0;0;0;0;0;0;0;0;0;0;0;0;0;0;0;0;0;0;0;0;0;0;0;0
"F2A17";0;0;0;0;0;0;0;0;0;0;0;0;0;0;0;0;0;0;0;0;0;0;0;0;0;0;0;0;0;0;0;0;0;0;0;0;0;0;0;0;0;0;0;0;0;0;0
"F2F18";0;0;0;0;0;0;0;0;0;0;0;0;0;0;0;0;0;0;0;0;0;0;0;0;0;0;0;0;0;0;0;0;0;0;0;0;0;0;0;0;0;0;0;0;0;0;0
"F2A18";0;0;0;0;0;0;0;0;0;0;0;0;0;0;0;0;0;0;0;0;0;0;0;0;0;0;0;0;0;0;0;0;0;0;0;0;0;0;0;0;0;0;0;0;0;0;0
"F3A17";0;0;0;0;0;0;0;0;0;0;0;0;0;0;0;0;0;0;0;0;0;0;0;0;0;0;0;0;0;0;0;0;0;0;0;0;0;0;0;0;0;0;0;0;0;0;0
"F3F18";0;0;0;0;0;0;0;0;0;0;0;0;0;0;0;0;0;0;0;0;0;0;0;0;0;0;0;0;0;0;0;0;0;0;0;0;0;0;0;0;0;0;0;0;0;0;0
"F3A18";0;0;0;0;0;0;0;0;0;0;0;0;0;0;0;0;0;0;0;0;0;0;0;0;0;0;0;0;0;0;0;0;0;0;0;0;0;0;0;0;0;0;0;0;0;0;0
"F4A17";0;0;0;0;0;0;0;0;0;0;0;0;0;0;0;0;0;0;0;0;0;0;0;0;0;0;0;0;0;0;0;0;0;0;0;0;0;0;0;0;0;0;0;0;0;0;0
"F4F18";0;0;0;0;0;0;0;0;0;0;0;0;0;0;0;0;0;0;0;0;0;0;0;0;0;0;0;0;0;0;0;0;0;0;0;0;0;0;0;0;0;0;0;0;0;0;0
"F4A18";0;0;0;0;0;0;0;0;0;0;0;0;0;0;0;0;0;0;0;0;0;0;0;0;0;0;0;0;0;0;0;0;0;0;0;0;0;0;0;0;0;0;0;0;0;0;0
"H1A17";0;0;0;0;0;0;0;0;0;0;0;0;0;0;0;0;0;0;0;0;0;0;0;0;0;0;0;0;0;0;0;0;0;0;0;0;0;0;0;0;0;0;0;0;0;0;0
"H1F18";0;0;0;0;0;0;0;0;0;0;0;0;0;0;0;0;0;0;0;0;0;0;0;0;0;0;0;0;0;0;0;0;0;0;0;0;0;0;0;0;0;0;0;0;0;0;0
"H1A18";0;0;0;0;0;0;0;0;0;0;0;0;0;0;0;0;0;0;0;0;0;0;0;0;0;0;0;0;0;0;0;0;0;0;0;0;0;0;0;0;0;0;0;0;0;0;0
"H2A17";0;0;0;0;0;0;0;0;0;0;0;0;0;0;0;0;0;0;0;0;0;0;0;0;0;0;0;0;0;0;0;0;0;0;0;0;0;0;0;0;0;0;0;0;0;0;0
"H2F18";0;0;0;0;0;0;0;0;0;0;0;0;0;0;0;0;0;0;0;0;0;0;0;0;0;0;0;0;0;0;0;0;0;0;0;0;0;0;0;0;0;0;0;0;0;0;0
"H2A18";0;0;0;0;0;0;0;0;0;0;0;0;0;0;0;0;0;0;0;0;0;0;0;0;0;0;0;0;0;0;0;0;0;0;0;0;0;0;0;0;0;0;0;0;0;0;0
"H3A17";0;0;0;0;0;0;0;0;0;0;0;0;0;0;0;0;0;0;0;0;0;0;0;0;0;0;0;0;0;0;0;0;0;0;0;0;0;0;0;0;0;0;0;0;0;0;0
"H3F18";0;0;0;0;0;0;0;0;0;0;0;0;0;0;0;0;0;0;0;0;0;0;0;0;0;0;0;0;0;0;0;0;0;0;0;0;0;0;0;0;0;0;0;0;0;0;0
"H3A18";0;0;0;0;0;0;0;0;0;0;0;0;0;0;0;0;0;0;0;0;0;0;0;0;0;0;0;0;0;0;0;0;0;0;0;0;0;0;0;0;0;0;0;0;0;0;0
"H4A17";0;0;0;0;0;0;0;0;0;0;0;0;0;0;0;0;0;0;0;0;0;0;0;0;0;0;0;0;0;0;0;0;0;0;0;0;0;0;0;0;0;0;0;0;0;0;0
"H4F18";0;0;0;0;0;0;0;0;0;0;0;0;0;0;0;0;0;0;0;0;0;0;0;0;0;0;0;0;0;0;0;0;0;0;0;0;0;0;0;0;0;0;0;0;0;0;0
"H4A18";0;0;0;0;0;0;0;0;0;0;0;0;0;0;0;0;0;0;0;0;0;0;0;0;0;0;0;0;0;0;0;0;0;0;0;0;0;0;0;0;0;0;0;0;0;0;0
"P1F18";0;0;0;0;0;0;0;0;0;0;0;0;0;0;0;0;0;0;0;0;0;0;0;0;0;0;0;0;0;0;0;0;0;0;0;0;14;7;0;0;0;0;0;0;0;0;0
"P1A18";1360;971;73;63;56;49;46;44;42;39;37;0;0;0;30;0;29;29;0;28;25;23;0;20;0;19;0;18;18;0;0;0;16;16;0;0;0;0;14;10;0;0;0;0;0;11;0
"P2F18";0;0;0;0;0;0;0;0;0;0;0;0;33;0;0;0;0;0;11;0;0;0;9;0;20;0;19;0;0;0;17;9;0;0;16;0;0;7;0;0;0;0;0;12;0;0;0
"P3F18";0;0;0;0;0;0;0;0;0;0;0;37;0;31;0;0;0;0;18;0;0;0;12;0;0;0;0;0;0;18;0;0;0;0;0;16;0;0;0;0;14;0;0;0;12;0;0
"P4F18";0;0;0;0;0;0;0;0;0;0;0;0;0;0;0;30;0;0;0;0;0;0;0;0;0;0;0;0;0;0;0;8;0;0;0;0;0;0;0;4;0;14;13;0;0;0;11
"Q1A17";0;0;0;0;0;0;0;0;0;0;0;0;0;0;0;0;0;0;0;0;0;0;0;0;0;0;0;0;0;0;0;0;0;0;0;0;0;0;0;0;0;0;0;0;0;0;0
"Q1F18";0;0;0;0;0;0;0;0;0;0;0;0;0;0;0;0;0;0;0;0;0;0;0;0;0;0;0;0;0;0;0;0;0;0;0;0;0;0;0;0;0;0;0;0;0;0;0
"Q2A17";0;0;0;0;0;0;0;0;0;0;0;0;0;0;0;0;0;0;0;0;0;0;0;0;0;0;0;0;0;0;0;0;0;0;0;0;0;0;0;0;0;0;0;0;0;0;0
"Q2F18";0;0;0;0;0;0;0;0;0;0;0;0;0;0;0;0;0;0;0;0;0;0;0;0;0;0;0;0;0;0;0;0;0;0;0;0;0;0;0;0;0;0;0;0;0;0;0
"Q3A17";0;0;0;0;0;0;0;0;0;0;0;0;0;0;0;0;0;0;0;0;0;0;0;0;0;0;0;0;0;0;0;0;0;0;0;0;0;0;0;0;0;0;0;0;0;0;0
"Q3F18";0;0;0;0;0;0;0;0;0;0;0;0;0;0;0;0;0;0;0;0;0;0;0;0;0;0;0;0;0;0;0;0;0;0;0;0;0;0;0;0;0;0;0;0;0;0;0
"Q3A18";0;0;0;0;0;0;0;0;0;0;0;0;0;0;0;0;0;0;0;0;0;0;0;0;0;0;0;0;0;0;0;0;0;0;0;0;0;0;0;0;0;0;0;0;0;0;0
"Q4A17";0;0;0;0;0;0;0;0;0;0;0;0;0;0;0;0;0;0;0;0;0;0;0;0;0;0;0;0;0;0;0;0;0;0;0;0;0;0;0;0;0;0;0;0;0;0;0
"Q4F18";0;0;0;0;0;0;0;0;0;0;0;0;0;0;0;0;0;0;0;0;0;0;0;0;0;0;0;0;0;0;0;0;0;0;0;0;0;0;0;0;0;0;0;0;0;0;0
"Q4A18";0;0;0;0;0;0;0;0;0;0;0;0;0;0;0;0;0;0;0;0;0;0;0;0;0;0;0;0;0;0;0;0;0;0;0;0;0;0;0;0;0;0;0;0;0;0;0
"L1A17";0;0;0;0;0;0;0;0;0;0;0;0;0;0;0;0;0;0;0;0;0;0;0;0;0;0;0;0;0;0;0;0;0;0;0;0;0;0;0;0;0;0;0;0;0;0;0
"L1F18";0;0;0;0;0;0;0;0;0;0;0;0;0;0;0;0;0;0;0;0;0;0;0;0;0;0;0;0;0;0;0;0;0;0;0;0;0;0;0;0;0;0;0;0;0;0;0
"L1A18";0;0;0;0;0;0;0;0;0;0;0;0;0;0;0;0;0;0;0;0;0;0;0;0;0;0;0;0;0;0;0;0;0;0;0;0;0;0;0;0;0;0;0;0;0;0;0
"L2A17";0;0;0;0;0;0;0;0;0;0;0;0;0;0;0;0;0;0;0;0;0;0;0;0;0;0;0;0;0;0;0;0;0;0;0;0;0;0;0;0;0;0;0;0;0;0;0
"L2F18";0;0;0;0;0;0;0;0;0;0;0;0;0;0;0;0;0;0;0;0;0;0;0;0;0;0;0;0;0;0;0;0;0;0;0;0;0;0;0;0;0;0;0;0;0;0;0
"L2A18";0;0;0;0;0;0;0;0;0;0;0;0;0;0;0;0;0;0;0;0;0;0;0;0;0;0;0;0;0;0;0;0;0;0;0;0;0;0;0;0;0;0;0;0;0;0;0
"L3A17";0;0;0;0;0;0;0;0;0;0;0;0;0;0;0;0;0;0;0;0;0;0;0;0;0;0;0;0;0;0;0;0;0;0;0;0;0;0;0;0;0;0;0;0;0;0;0
"L3F18";0;0;0;0;0;0;0;0;0;0;0;0;0;0;0;0;0;0;0;0;0;0;0;0;0;0;0;0;0;0;0;0;0;0;0;0;0;0;0;0;0;0;0;0;0;0;0
"L3A18";0;0;0;0;0;0;0;0;0;0;0;0;0;0;0;0;0;0;0;0;0;0;0;0;0;0;0;0;0;0;0;0;0;0;0;0;0;0;0;0;0;0;0;0;0;0;0
"L4A17";0;0;0;0;0;0;0;0;0;0;0;0;0;0;0;0;0;0;0;0;0;0;0;0;0;0;0;0;0;0;0;0;0;0;0;0;0;0;0;0;0;0;0;0;0;0;0
"L4F18";0;0;0;0;0;0;0;0;0;0;0;0;0;0;0;0;0;0;0;0;0;0;0;0;0;0;0;0;0;0;0;0;0;0;0;0;0;0;0;0;0;0;0;0;0;0;0
"L4A18";0;0;0;0;0;0;0;0;0;0;0;0;0;0;0;0;0;0;0;0;0;0;0;0;0;0;0;0;0;0;0;0;0;0;0;0;0;0;0;0;0;0;0;0;0;0;0
